id,firstname,lastname,email,email2,profession
100,Leeanne,Gwenore,Leeanne.Gwenore@yopmail.com,Leeanne.Gwenore@gmail.com,doctor
101,Sidoney,Faro,Sidoney.Faro@yopmail.com,Sidoney.Faro@gmail.com,developer
102,Lila,Alejoa,Lila.Alejoa@yopmail.com,Lila.Alejoa@gmail.com,firefighter
103,Corly,Jobi,Corly.Jobi@yopmail.com,Corly.Jobi@gmail.com,developer
104,Renie,Loleta,Renie.Loleta@yopmail.com,Renie.Loleta@gmail.com,police officer
105,Claudina,Thad,Claudina.Thad@yopmail.com,Claudina.Thad@gmail.com,doctor
106,Michaelina,Nedrud,Michaelina.Nedrud@yopmail.com,Michaelina.Nedrud@gmail.com,doctor
107,Robinia,Anderea,Robinia.Anderea@yopmail.com,Robinia.Anderea@gmail.com,developer
108,Molli,Joli,Molli.Joli@yopmail.com,Molli.Joli@gmail.com,firefighter
109,Heida,Breed,Heida.Breed@yopmail.com,Heida.Breed@gmail.com,firefighter
110,Magdalena,Horan,Magdalena.Horan@yopmail.com,Magdalena.Horan@gmail.com,worker
111,Jackie,Buffum,Jackie.Buffum@yopmail.com,Jackie.Buffum@gmail.com,worker
112,Concettina,Wallis,Concettina.Wallis@yopmail.com,Concettina.Wallis@gmail.com,police officer
113,Bee,Jeanne,Bee.Jeanne@yopmail.com,Bee.Jeanne@gmail.com,firefighter
114,Kelly,Diogenes,Kelly.Diogenes@yopmail.com,Kelly.Diogenes@gmail.com,police officer
115,Berta,Turne,Berta.Turne@yopmail.com,Berta.Turne@gmail.com,doctor
116,Edith,MacIntosh,Edith.MacIntosh@yopmail.com,Edith.MacIntosh@gmail.com,doctor
117,Lila,Arvo,Lila.Arvo@yopmail.com,Lila.Arvo@gmail.com,worker
118,Max,Rogerio,Max.Rogerio@yopmail.com,Max.Rogerio@gmail.com,developer
119,Marjie,Cassius,Marjie.Cassius@yopmail.com,Marjie.Cassius@gmail.com,police officer
120,Emelina,Morehouse,Emelina.Morehouse@yopmail.com,Emelina.Morehouse@gmail.com,police officer
121,Andree,Haymes,Andree.Haymes@yopmail.com,Andree.Haymes@gmail.com,firefighter
122,Ingrid,Roarke,Ingrid.Roarke@yopmail.com,Ingrid.Roarke@gmail.com,doctor
123,Monika,Parsaye,Monika.Parsaye@yopmail.com,Monika.Parsaye@gmail.com,police officer
124,Jenilee,Donoghue,Jenilee.Donoghue@yopmail.com,Jenilee.Donoghue@gmail.com,developer
125,Marinna,Suanne,Marinna.Suanne@yopmail.com,Marinna.Suanne@gmail.com,doctor
126,Ethel,Bari,Ethel.Bari@yopmail.com,Ethel.Bari@gmail.com,police officer
127,Roxane,Ajay,Roxane.Ajay@yopmail.com,Roxane.Ajay@gmail.com,developer
128,Katuscha,Egbert,Katuscha.Egbert@yopmail.com,Katuscha.Egbert@gmail.com,firefighter
129,Lynde,Larochelle,Lynde.Larochelle@yopmail.com,Lynde.Larochelle@gmail.com,firefighter
130,Annice,Sprage,Annice.Sprage@yopmail.com,Annice.Sprage@gmail.com,developer
131,Shannah,Bates,Shannah.Bates@yopmail.com,Shannah.Bates@gmail.com,doctor
132,Raina,Daegal,Raina.Daegal@yopmail.com,Raina.Daegal@gmail.com,doctor
133,Dorice,Erlandson,Dorice.Erlandson@yopmail.com,Dorice.Erlandson@gmail.com,worker
134,Rubie,Kiersten,Rubie.Kiersten@yopmail.com,Rubie.Kiersten@gmail.com,worker
135,Brietta,Melony,Brietta.Melony@yopmail.com,Brietta.Melony@gmail.com,developer
136,Dode,Therine,Dode.Therine@yopmail.com,Dode.Therine@gmail.com,developer
137,Louella,Havens,Louella.Havens@yopmail.com,Louella.Havens@gmail.com,worker
138,Nananne,Kiersten,Nananne.Kiersten@yopmail.com,Nananne.Kiersten@gmail.com,police officer
139,Starla,Ophelia,Starla.Ophelia@yopmail.com,Starla.Ophelia@gmail.com,developer
140,Dode,Hachmin,Dode.Hachmin@yopmail.com,Dode.Hachmin@gmail.com,worker
141,Nicoli,Mitzi,Nicoli.Mitzi@yopmail.com,Nicoli.Mitzi@gmail.com,police officer
142,Korrie,Shaddock,Korrie.Shaddock@yopmail.com,Korrie.Shaddock@gmail.com,worker
143,Edyth,Herrera,Edyth.Herrera@yopmail.com,Edyth.Herrera@gmail.com,worker
144,Allis,Noelyn,Allis.Noelyn@yopmail.com,Allis.Noelyn@gmail.com,developer
145,Kristina,Teryn,Kristina.Teryn@yopmail.com,Kristina.Teryn@gmail.com,worker
146,Konstance,Maxi,Konstance.Maxi@yopmail.com,Konstance.Maxi@gmail.com,worker
147,Renae,Boycey,Renae.Boycey@yopmail.com,Renae.Boycey@gmail.com,firefighter
148,Jacenta,Barney,Jacenta.Barney@yopmail.com,Jacenta.Barney@gmail.com,firefighter
149,Cyndie,Margret,Cyndie.Margret@yopmail.com,Cyndie.Margret@gmail.com,worker
150,Hayley,Gaulin,Hayley.Gaulin@yopmail.com,Hayley.Gaulin@gmail.com,doctor
151,Sharai,Carleen,Sharai.Carleen@yopmail.com,Sharai.Carleen@gmail.com,doctor
152,Bibby,Beebe,Bibby.Beebe@yopmail.com,Bibby.Beebe@gmail.com,doctor
153,Layla,Sheedy,Layla.Sheedy@yopmail.com,Layla.Sheedy@gmail.com,developer
154,Lynea,Philoo,Lynea.Philoo@yopmail.com,Lynea.Philoo@gmail.com,doctor
155,Liana,Hailee,Liana.Hailee@yopmail.com,Liana.Hailee@gmail.com,doctor
156,Karlee,Florina,Karlee.Florina@yopmail.com,Karlee.Florina@gmail.com,police officer
157,Sadie,Naor,Sadie.Naor@yopmail.com,Sadie.Naor@gmail.com,police officer
158,Jeanna,Docilla,Jeanna.Docilla@yopmail.com,Jeanna.Docilla@gmail.com,police officer
159,Dode,Lareena,Dode.Lareena@yopmail.com,Dode.Lareena@gmail.com,police officer
160,Jennica,Levey,Jennica.Levey@yopmail.com,Jennica.Levey@gmail.com,firefighter
161,Tani,Brady,Tani.Brady@yopmail.com,Tani.Brady@gmail.com,worker
162,Isa,Chinua,Isa.Chinua@yopmail.com,Isa.Chinua@gmail.com,police officer
163,Lanae,Reidar,Lanae.Reidar@yopmail.com,Lanae.Reidar@gmail.com,police officer
164,Lynea,Brotherson,Lynea.Brotherson@yopmail.com,Lynea.Brotherson@gmail.com,developer
165,Suzette,Kalinda,Suzette.Kalinda@yopmail.com,Suzette.Kalinda@gmail.com,developer
166,Peri,Martsen,Peri.Martsen@yopmail.com,Peri.Martsen@gmail.com,doctor
167,Atlanta,Drisko,Atlanta.Drisko@yopmail.com,Atlanta.Drisko@gmail.com,worker
168,Marcy,McGrody,Marcy.McGrody@yopmail.com,Marcy.McGrody@gmail.com,police officer
169,Bobinette,Martguerita,Bobinette.Martguerita@yopmail.com,Bobinette.Martguerita@gmail.com,developer
170,Cathie,Mathilde,Cathie.Mathilde@yopmail.com,Cathie.Mathilde@gmail.com,developer
171,Anestassia,Carbo,Anestassia.Carbo@yopmail.com,Anestassia.Carbo@gmail.com,firefighter
172,Ursulina,Pettiford,Ursulina.Pettiford@yopmail.com,Ursulina.Pettiford@gmail.com,worker
173,Jeanna,Dorcy,Jeanna.Dorcy@yopmail.com,Jeanna.Dorcy@gmail.com,police officer
174,Randa,Doig,Randa.Doig@yopmail.com,Randa.Doig@gmail.com,worker
175,Belva,Clywd,Belva.Clywd@yopmail.com,Belva.Clywd@gmail.com,firefighter
176,Chastity,Bonilla,Chastity.Bonilla@yopmail.com,Chastity.Bonilla@gmail.com,worker
177,Aaren,Kendrick,Aaren.Kendrick@yopmail.com,Aaren.Kendrick@gmail.com,police officer
178,Pamella,Bates,Pamella.Bates@yopmail.com,Pamella.Bates@gmail.com,worker
179,Sidoney,Christine,Sidoney.Christine@yopmail.com,Sidoney.Christine@gmail.com,worker
180,Althea,Howlyn,Althea.Howlyn@yopmail.com,Althea.Howlyn@gmail.com,worker
181,Devina,Waldron,Devina.Waldron@yopmail.com,Devina.Waldron@gmail.com,firefighter
182,Sheelagh,Constancy,Sheelagh.Constancy@yopmail.com,Sheelagh.Constancy@gmail.com,worker
183,Desirae,Carolin,Desirae.Carolin@yopmail.com,Desirae.Carolin@gmail.com,doctor
184,Carly,Myrilla,Carly.Myrilla@yopmail.com,Carly.Myrilla@gmail.com,firefighter
185,Babita,Yam,Babita.Yam@yopmail.com,Babita.Yam@gmail.com,developer
186,Kate,Docilla,Kate.Docilla@yopmail.com,Kate.Docilla@gmail.com,firefighter
187,Lita,Durware,Lita.Durware@yopmail.com,Lita.Durware@gmail.com,developer
188,Sidoney,Callista,Sidoney.Callista@yopmail.com,Sidoney.Callista@gmail.com,firefighter
189,Oona,Land,Oona.Land@yopmail.com,Oona.Land@gmail.com,developer
190,Lesly,Helve,Lesly.Helve@yopmail.com,Lesly.Helve@gmail.com,firefighter
191,Dorice,McCutcheon,Dorice.McCutcheon@yopmail.com,Dorice.McCutcheon@gmail.com,worker
192,Abbie,Pulsifer,Abbie.Pulsifer@yopmail.com,Abbie.Pulsifer@gmail.com,police officer
193,Jolyn,Diann,Jolyn.Diann@yopmail.com,Jolyn.Diann@gmail.com,developer
194,Raina,Garlinda,Raina.Garlinda@yopmail.com,Raina.Garlinda@gmail.com,worker
195,Stephanie,Mintz,Stephanie.Mintz@yopmail.com,Stephanie.Mintz@gmail.com,developer
196,Fidelia,Behre,Fidelia.Behre@yopmail.com,Fidelia.Behre@gmail.com,police officer
197,Louella,Hurley,Louella.Hurley@yopmail.com,Louella.Hurley@gmail.com,doctor
198,Elise,Gilmour,Elise.Gilmour@yopmail.com,Elise.Gilmour@gmail.com,worker
199,Briney,Peonir,Briney.Peonir@yopmail.com,Briney.Peonir@gmail.com,doctor
200,Therine,Papageno,Therine.Papageno@yopmail.com,Therine.Papageno@gmail.com,firefighter
201,Ernesta,Lauraine,Ernesta.Lauraine@yopmail.com,Ernesta.Lauraine@gmail.com,doctor
202,Elsie,Zeeba,Elsie.Zeeba@yopmail.com,Elsie.Zeeba@gmail.com,developer
203,Rani,Peg,Rani.Peg@yopmail.com,Rani.Peg@gmail.com,worker
204,Donetta,Dearborn,Donetta.Dearborn@yopmail.com,Donetta.Dearborn@gmail.com,firefighter
205,Winny,Buckler,Winny.Buckler@yopmail.com,Winny.Buckler@gmail.com,worker
206,Gilligan,Buttaro,Gilligan.Buttaro@yopmail.com,Gilligan.Buttaro@gmail.com,firefighter
207,Mallory,Tybald,Mallory.Tybald@yopmail.com,Mallory.Tybald@gmail.com,firefighter
208,Britni,Lindemann,Britni.Lindemann@yopmail.com,Britni.Lindemann@gmail.com,police officer
209,Katleen,Palocz,Katleen.Palocz@yopmail.com,Katleen.Palocz@gmail.com,firefighter
210,Chickie,Taam,Chickie.Taam@yopmail.com,Chickie.Taam@gmail.com,developer
211,Pollyanna,Hailee,Pollyanna.Hailee@yopmail.com,Pollyanna.Hailee@gmail.com,doctor
212,Shaylyn,Earlie,Shaylyn.Earlie@yopmail.com,Shaylyn.Earlie@gmail.com,worker
213,Liana,Pitt,Liana.Pitt@yopmail.com,Liana.Pitt@gmail.com,police officer
214,Elmira,Arne,Elmira.Arne@yopmail.com,Elmira.Arne@gmail.com,worker
215,Bernardine,Sigfrid,Bernardine.Sigfrid@yopmail.com,Bernardine.Sigfrid@gmail.com,doctor
216,Alex,McNully,Alex.McNully@yopmail.com,Alex.McNully@gmail.com,doctor
217,Merci,O'Neill,Merci.O'Neill@yopmail.com,Merci.O'Neill@gmail.com,firefighter
218,Regina,Flyn,Regina.Flyn@yopmail.com,Regina.Flyn@gmail.com,developer
219,Marsiella,Dorine,Marsiella.Dorine@yopmail.com,Marsiella.Dorine@gmail.com,doctor
220,Talya,Delp,Talya.Delp@yopmail.com,Talya.Delp@gmail.com,police officer
221,Joelly,Dash,Joelly.Dash@yopmail.com,Joelly.Dash@gmail.com,firefighter
222,Edith,Ralfston,Edith.Ralfston@yopmail.com,Edith.Ralfston@gmail.com,police officer
223,Ruthe,Brady,Ruthe.Brady@yopmail.com,Ruthe.Brady@gmail.com,firefighter
224,Latisha,Oriana,Latisha.Oriana@yopmail.com,Latisha.Oriana@gmail.com,firefighter
225,Ana,Meli,Ana.Meli@yopmail.com,Ana.Meli@gmail.com,doctor
226,Deedee,Kermit,Deedee.Kermit@yopmail.com,Deedee.Kermit@gmail.com,firefighter
227,Shauna,Charmine,Shauna.Charmine@yopmail.com,Shauna.Charmine@gmail.com,worker
228,Gretal,Grayce,Gretal.Grayce@yopmail.com,Gretal.Grayce@gmail.com,developer
229,Livvyy,Morehouse,Livvyy.Morehouse@yopmail.com,Livvyy.Morehouse@gmail.com,doctor
230,Frieda,Michella,Frieda.Michella@yopmail.com,Frieda.Michella@gmail.com,firefighter
231,Zaria,Melan,Zaria.Melan@yopmail.com,Zaria.Melan@gmail.com,firefighter
232,Hayley,Gino,Hayley.Gino@yopmail.com,Hayley.Gino@gmail.com,doctor
233,Gwenneth,Jacinda,Gwenneth.Jacinda@yopmail.com,Gwenneth.Jacinda@gmail.com,worker
234,Chrystel,Girardo,Chrystel.Girardo@yopmail.com,Chrystel.Girardo@gmail.com,police officer
235,Zaria,Bandeen,Zaria.Bandeen@yopmail.com,Zaria.Bandeen@gmail.com,police officer
236,Cassondra,Sammons,Cassondra.Sammons@yopmail.com,Cassondra.Sammons@gmail.com,doctor
237,Ashlee,Vanni,Ashlee.Vanni@yopmail.com,Ashlee.Vanni@gmail.com,developer
238,Nita,Gerge,Nita.Gerge@yopmail.com,Nita.Gerge@gmail.com,worker
239,Millie,Calhoun,Millie.Calhoun@yopmail.com,Millie.Calhoun@gmail.com,firefighter
240,Antonietta,Waldron,Antonietta.Waldron@yopmail.com,Antonietta.Waldron@gmail.com,doctor
241,Jillayne,Sadowski,Jillayne.Sadowski@yopmail.com,Jillayne.Sadowski@gmail.com,worker
242,Mathilda,Daniele,Mathilda.Daniele@yopmail.com,Mathilda.Daniele@gmail.com,worker
243,Ursulina,Lail,Ursulina.Lail@yopmail.com,Ursulina.Lail@gmail.com,worker
244,Lyssa,Margarete,Lyssa.Margarete@yopmail.com,Lyssa.Margarete@gmail.com,doctor
245,Katuscha,Kat,Katuscha.Kat@yopmail.com,Katuscha.Kat@gmail.com,developer
246,Pierette,Wilkinson,Pierette.Wilkinson@yopmail.com,Pierette.Wilkinson@gmail.com,police officer
247,Gretal,Clarissa,Gretal.Clarissa@yopmail.com,Gretal.Clarissa@gmail.com,worker
248,Jenilee,Burch,Jenilee.Burch@yopmail.com,Jenilee.Burch@gmail.com,developer
249,Shel,Blisse,Shel.Blisse@yopmail.com,Shel.Blisse@gmail.com,firefighter
250,Reeba,Hortensia,Reeba.Hortensia@yopmail.com,Reeba.Hortensia@gmail.com,firefighter
251,Agnese,Brenn,Agnese.Brenn@yopmail.com,Agnese.Brenn@gmail.com,worker
252,Deane,Elsinore,Deane.Elsinore@yopmail.com,Deane.Elsinore@gmail.com,developer
253,Cherilyn,Gilmour,Cherilyn.Gilmour@yopmail.com,Cherilyn.Gilmour@gmail.com,firefighter
254,Ricky,Corabella,Ricky.Corabella@yopmail.com,Ricky.Corabella@gmail.com,police officer
255,Carlie,Viddah,Carlie.Viddah@yopmail.com,Carlie.Viddah@gmail.com,developer
256,Marti,Oscar,Marti.Oscar@yopmail.com,Marti.Oscar@gmail.com,worker
257,Demetris,Bahr,Demetris.Bahr@yopmail.com,Demetris.Bahr@gmail.com,worker
258,Edee,Jenness,Edee.Jenness@yopmail.com,Edee.Jenness@gmail.com,police officer
259,Miquela,Clywd,Miquela.Clywd@yopmail.com,Miquela.Clywd@gmail.com,worker
260,Daune,Fiester,Daune.Fiester@yopmail.com,Daune.Fiester@gmail.com,firefighter
261,Felice,Revkah,Felice.Revkah@yopmail.com,Felice.Revkah@gmail.com,firefighter
262,Danny,Anastatius,Danny.Anastatius@yopmail.com,Danny.Anastatius@gmail.com,doctor
263,Trixi,Gaynor,Trixi.Gaynor@yopmail.com,Trixi.Gaynor@gmail.com,developer
264,Codie,Vins,Codie.Vins@yopmail.com,Codie.Vins@gmail.com,police officer
265,Courtnay,Bari,Courtnay.Bari@yopmail.com,Courtnay.Bari@gmail.com,doctor
266,Margalo,Ackerley,Margalo.Ackerley@yopmail.com,Margalo.Ackerley@gmail.com,developer
267,Shauna,Khorma,Shauna.Khorma@yopmail.com,Shauna.Khorma@gmail.com,doctor
268,Kaia,Jobi,Kaia.Jobi@yopmail.com,Kaia.Jobi@gmail.com,police officer
269,Dorene,McNully,Dorene.McNully@yopmail.com,Dorene.McNully@gmail.com,worker
270,Jacquetta,Buttaro,Jacquetta.Buttaro@yopmail.com,Jacquetta.Buttaro@gmail.com,developer
271,Dorene,Hurley,Dorene.Hurley@yopmail.com,Dorene.Hurley@gmail.com,police officer
272,Christy,Stefa,Christy.Stefa@yopmail.com,Christy.Stefa@gmail.com,firefighter
273,Emmey,Chobot,Emmey.Chobot@yopmail.com,Emmey.Chobot@gmail.com,police officer
274,Yolane,Hull,Yolane.Hull@yopmail.com,Yolane.Hull@gmail.com,doctor
275,Rosene,Linskey,Rosene.Linskey@yopmail.com,Rosene.Linskey@gmail.com,developer
276,Barbara,Heidt,Barbara.Heidt@yopmail.com,Barbara.Heidt@gmail.com,developer
277,Marika,Podvin,Marika.Podvin@yopmail.com,Marika.Podvin@gmail.com,developer
278,Melina,Hermes,Melina.Hermes@yopmail.com,Melina.Hermes@gmail.com,developer
279,Wendi,Korey,Wendi.Korey@yopmail.com,Wendi.Korey@gmail.com,doctor
280,Fanchon,Stuart,Fanchon.Stuart@yopmail.com,Fanchon.Stuart@gmail.com,police officer
281,Jerry,Syd,Jerry.Syd@yopmail.com,Jerry.Syd@gmail.com,worker
282,Lita,Fillbert,Lita.Fillbert@yopmail.com,Lita.Fillbert@gmail.com,worker
283,Barbi,Medrek,Barbi.Medrek@yopmail.com,Barbi.Medrek@gmail.com,firefighter
284,Winny,Jotham,Winny.Jotham@yopmail.com,Winny.Jotham@gmail.com,worker
285,Antonietta,Gombach,Antonietta.Gombach@yopmail.com,Antonietta.Gombach@gmail.com,developer
286,Renae,Munn,Renae.Munn@yopmail.com,Renae.Munn@gmail.com,developer
287,Elbertina,Evangelia,Elbertina.Evangelia@yopmail.com,Elbertina.Evangelia@gmail.com,firefighter
288,Mildrid,Jess,Mildrid.Jess@yopmail.com,Mildrid.Jess@gmail.com,police officer
289,Di,Damarra,Di.Damarra@yopmail.com,Di.Damarra@gmail.com,police officer
290,Ellette,Loring,Ellette.Loring@yopmail.com,Ellette.Loring@gmail.com,police officer
291,Malina,Bohlin,Malina.Bohlin@yopmail.com,Malina.Bohlin@gmail.com,worker
292,Brietta,Natica,Brietta.Natica@yopmail.com,Brietta.Natica@gmail.com,police officer
293,Ginnie,Bronk,Ginnie.Bronk@yopmail.com,Ginnie.Bronk@gmail.com,firefighter
294,Caritta,Elbertina,Caritta.Elbertina@yopmail.com,Caritta.Elbertina@gmail.com,doctor
295,Chandra,Forrer,Chandra.Forrer@yopmail.com,Chandra.Forrer@gmail.com,worker
296,Wilma,Kermit,Wilma.Kermit@yopmail.com,Wilma.Kermit@gmail.com,worker
297,Sharlene,Amand,Sharlene.Amand@yopmail.com,Sharlene.Amand@gmail.com,firefighter
298,Siana,Kress,Siana.Kress@yopmail.com,Siana.Kress@gmail.com,firefighter
299,Laurene,Fiester,Laurene.Fiester@yopmail.com,Laurene.Fiester@gmail.com,doctor
300,Ofilia,Corabella,Ofilia.Corabella@yopmail.com,Ofilia.Corabella@gmail.com,worker
301,Renie,Wilona,Renie.Wilona@yopmail.com,Renie.Wilona@gmail.com,doctor
302,Annice,Rolf,Annice.Rolf@yopmail.com,Annice.Rolf@gmail.com,worker
303,Renie,Stoller,Renie.Stoller@yopmail.com,Renie.Stoller@gmail.com,doctor
304,Jillayne,Angelis,Jillayne.Angelis@yopmail.com,Jillayne.Angelis@gmail.com,developer
305,Zaria,Lissi,Zaria.Lissi@yopmail.com,Zaria.Lissi@gmail.com,police officer
306,Glenda,Kirstin,Glenda.Kirstin@yopmail.com,Glenda.Kirstin@gmail.com,worker
307,Kate,Helfand,Kate.Helfand@yopmail.com,Kate.Helfand@gmail.com,developer
308,Celene,Leler,Celene.Leler@yopmail.com,Celene.Leler@gmail.com,doctor
309,Jsandye,Sigfrid,Jsandye.Sigfrid@yopmail.com,Jsandye.Sigfrid@gmail.com,firefighter
310,Kimmy,Friede,Kimmy.Friede@yopmail.com,Kimmy.Friede@gmail.com,doctor
311,Emelina,Margret,Emelina.Margret@yopmail.com,Emelina.Margret@gmail.com,police officer
312,Vevay,Leler,Vevay.Leler@yopmail.com,Vevay.Leler@gmail.com,developer
313,Farrah,Lubin,Farrah.Lubin@yopmail.com,Farrah.Lubin@gmail.com,developer
314,Doralynne,Chinua,Doralynne.Chinua@yopmail.com,Doralynne.Chinua@gmail.com,police officer
315,Lulita,Ciapas,Lulita.Ciapas@yopmail.com,Lulita.Ciapas@gmail.com,doctor
316,Stacey,Arathorn,Stacey.Arathorn@yopmail.com,Stacey.Arathorn@gmail.com,doctor
317,Silvana,Ammann,Silvana.Ammann@yopmail.com,Silvana.Ammann@gmail.com,worker
318,Ardeen,Gregrory,Ardeen.Gregrory@yopmail.com,Ardeen.Gregrory@gmail.com,police officer
319,Leontine,Ciapas,Leontine.Ciapas@yopmail.com,Leontine.Ciapas@gmail.com,doctor
320,Fayre,Romelda,Fayre.Romelda@yopmail.com,Fayre.Romelda@gmail.com,firefighter
321,Bee,Drus,Bee.Drus@yopmail.com,Bee.Drus@gmail.com,police officer
322,Ricky,Bryna,Ricky.Bryna@yopmail.com,Ricky.Bryna@gmail.com,developer
323,Rozele,Isacco,Rozele.Isacco@yopmail.com,Rozele.Isacco@gmail.com,worker
324,Harrietta,Flita,Harrietta.Flita@yopmail.com,Harrietta.Flita@gmail.com,firefighter
325,Mildrid,Johnsson,Mildrid.Johnsson@yopmail.com,Mildrid.Johnsson@gmail.com,police officer
326,Helsa,Love,Helsa.Love@yopmail.com,Helsa.Love@gmail.com,doctor
327,Pamella,Clie,Pamella.Clie@yopmail.com,Pamella.Clie@gmail.com,worker
328,Jessamyn,Lynn,Jessamyn.Lynn@yopmail.com,Jessamyn.Lynn@gmail.com,firefighter
329,Marnia,Ricarda,Marnia.Ricarda@yopmail.com,Marnia.Ricarda@gmail.com,police officer
330,Viki,Decato,Viki.Decato@yopmail.com,Viki.Decato@gmail.com,police officer
331,Helsa,Hortensia,Helsa.Hortensia@yopmail.com,Helsa.Hortensia@gmail.com,police officer
332,Randa,Gemini,Randa.Gemini@yopmail.com,Randa.Gemini@gmail.com,doctor
333,Deirdre,Cassius,Deirdre.Cassius@yopmail.com,Deirdre.Cassius@gmail.com,doctor
334,Ulrike,Atcliffe,Ulrike.Atcliffe@yopmail.com,Ulrike.Atcliffe@gmail.com,worker
335,Chandra,Even,Chandra.Even@yopmail.com,Chandra.Even@gmail.com,doctor
336,Dianemarie,Linehan,Dianemarie.Linehan@yopmail.com,Dianemarie.Linehan@gmail.com,police officer
337,Alyda,My,Alyda.My@yopmail.com,Alyda.My@gmail.com,developer
338,Netty,Seessel,Netty.Seessel@yopmail.com,Netty.Seessel@gmail.com,police officer
339,Phylis,Silvan,Phylis.Silvan@yopmail.com,Phylis.Silvan@gmail.com,firefighter
340,Rebeca,Flyn,Rebeca.Flyn@yopmail.com,Rebeca.Flyn@gmail.com,police officer
341,Dale,Fulmer,Dale.Fulmer@yopmail.com,Dale.Fulmer@gmail.com,developer
342,Selma,Kirbee,Selma.Kirbee@yopmail.com,Selma.Kirbee@gmail.com,police officer
343,Linet,Sekofski,Linet.Sekofski@yopmail.com,Linet.Sekofski@gmail.com,firefighter
344,Coral,Emerson,Coral.Emerson@yopmail.com,Coral.Emerson@gmail.com,developer
345,Christian,Simmonds,Christian.Simmonds@yopmail.com,Christian.Simmonds@gmail.com,developer
346,Isa,Tamar,Isa.Tamar@yopmail.com,Isa.Tamar@gmail.com,police officer
347,Lorie,Salchunas,Lorie.Salchunas@yopmail.com,Lorie.Salchunas@gmail.com,doctor
348,Linet,Pitt,Linet.Pitt@yopmail.com,Linet.Pitt@gmail.com,doctor
349,Marinna,Santoro,Marinna.Santoro@yopmail.com,Marinna.Santoro@gmail.com,police officer
350,Karina,Roxanna,Karina.Roxanna@yopmail.com,Karina.Roxanna@gmail.com,police officer
351,Imojean,Merell,Imojean.Merell@yopmail.com,Imojean.Merell@gmail.com,police officer
352,Selia,Wenoa,Selia.Wenoa@yopmail.com,Selia.Wenoa@gmail.com,developer
353,Daphne,Cohdwell,Daphne.Cohdwell@yopmail.com,Daphne.Cohdwell@gmail.com,police officer
354,Dyann,Miru,Dyann.Miru@yopmail.com,Dyann.Miru@gmail.com,police officer
355,Chandra,Curren,Chandra.Curren@yopmail.com,Chandra.Curren@gmail.com,police officer
356,Catharine,Shama,Catharine.Shama@yopmail.com,Catharine.Shama@gmail.com,doctor
357,Nita,Stelle,Nita.Stelle@yopmail.com,Nita.Stelle@gmail.com,worker
358,Belinda,Birdella,Belinda.Birdella@yopmail.com,Belinda.Birdella@gmail.com,worker
359,Petronia,Suk,Petronia.Suk@yopmail.com,Petronia.Suk@gmail.com,worker
360,Lanna,Reinke,Lanna.Reinke@yopmail.com,Lanna.Reinke@gmail.com,firefighter
361,Larine,Rhu,Larine.Rhu@yopmail.com,Larine.Rhu@gmail.com,developer
362,Kathy,Terencio,Kathy.Terencio@yopmail.com,Kathy.Terencio@gmail.com,worker
363,Cacilie,Maiah,Cacilie.Maiah@yopmail.com,Cacilie.Maiah@gmail.com,developer
364,Alyda,Lewes,Alyda.Lewes@yopmail.com,Alyda.Lewes@gmail.com,developer
365,Addia,Land,Addia.Land@yopmail.com,Addia.Land@gmail.com,firefighter
366,Suzette,Ramona,Suzette.Ramona@yopmail.com,Suzette.Ramona@gmail.com,police officer
367,Tani,Gavrila,Tani.Gavrila@yopmail.com,Tani.Gavrila@gmail.com,developer
368,Danika,Cecile,Danika.Cecile@yopmail.com,Danika.Cecile@gmail.com,police officer
369,Phylis,Riva,Phylis.Riva@yopmail.com,Phylis.Riva@gmail.com,police officer
370,Wendi,Aida,Wendi.Aida@yopmail.com,Wendi.Aida@gmail.com,police officer
371,Hallie,Medrek,Hallie.Medrek@yopmail.com,Hallie.Medrek@gmail.com,police officer
372,Rosabelle,McGrody,Rosabelle.McGrody@yopmail.com,Rosabelle.McGrody@gmail.com,police officer
373,Karlee,Othilia,Karlee.Othilia@yopmail.com,Karlee.Othilia@gmail.com,worker
374,Josephine,Malvino,Josephine.Malvino@yopmail.com,Josephine.Malvino@gmail.com,developer
375,Esmeralda,Tatianas,Esmeralda.Tatianas@yopmail.com,Esmeralda.Tatianas@gmail.com,firefighter
376,Ingrid,Pernick,Ingrid.Pernick@yopmail.com,Ingrid.Pernick@gmail.com,developer
377,Katleen,Kelula,Katleen.Kelula@yopmail.com,Katleen.Kelula@gmail.com,developer
378,Kittie,Anastatius,Kittie.Anastatius@yopmail.com,Kittie.Anastatius@gmail.com,doctor
379,Jaclyn,Natalia,Jaclyn.Natalia@yopmail.com,Jaclyn.Natalia@gmail.com,doctor
380,Sheelagh,Oneida,Sheelagh.Oneida@yopmail.com,Sheelagh.Oneida@gmail.com,doctor
381,Rani,Constancy,Rani.Constancy@yopmail.com,Rani.Constancy@gmail.com,doctor
382,Tybie,Daniele,Tybie.Daniele@yopmail.com,Tybie.Daniele@gmail.com,police officer
383,Miquela,Damarra,Miquela.Damarra@yopmail.com,Miquela.Damarra@gmail.com,police officer
384,Luci,Urania,Luci.Urania@yopmail.com,Luci.Urania@gmail.com,police officer
385,Nannie,Lipson,Nannie.Lipson@yopmail.com,Nannie.Lipson@gmail.com,worker
386,Pearline,Friede,Pearline.Friede@yopmail.com,Pearline.Friede@gmail.com,worker
387,Andeee,Albertine,Andeee.Albertine@yopmail.com,Andeee.Albertine@gmail.com,firefighter
388,Miquela,Arvo,Miquela.Arvo@yopmail.com,Miquela.Arvo@gmail.com,worker
389,Gilligan,Gaynor,Gilligan.Gaynor@yopmail.com,Gilligan.Gaynor@gmail.com,police officer
390,Cristine,Velick,Cristine.Velick@yopmail.com,Cristine.Velick@gmail.com,developer
391,Grier,Socha,Grier.Socha@yopmail.com,Grier.Socha@gmail.com,firefighter
392,Nadine,Garlinda,Nadine.Garlinda@yopmail.com,Nadine.Garlinda@gmail.com,worker
393,Yolane,Lynn,Yolane.Lynn@yopmail.com,Yolane.Lynn@gmail.com,worker
394,Tomasina,Phaidra,Tomasina.Phaidra@yopmail.com,Tomasina.Phaidra@gmail.com,firefighter
395,Christal,Cherianne,Christal.Cherianne@yopmail.com,Christal.Cherianne@gmail.com,firefighter
396,Blondelle,Stover,Blondelle.Stover@yopmail.com,Blondelle.Stover@gmail.com,developer
397,Farrah,Zetta,Farrah.Zetta@yopmail.com,Farrah.Zetta@gmail.com,police officer
398,Stacey,Anderea,Stacey.Anderea@yopmail.com,Stacey.Anderea@gmail.com,police officer
399,Karina,Bebe,Karina.Bebe@yopmail.com,Karina.Bebe@gmail.com,doctor
400,Pollyanna,Teryn,Pollyanna.Teryn@yopmail.com,Pollyanna.Teryn@gmail.com,doctor
401,Phylis,Kelula,Phylis.Kelula@yopmail.com,Phylis.Kelula@gmail.com,firefighter
402,Melina,Kesley,Melina.Kesley@yopmail.com,Melina.Kesley@gmail.com,developer
403,Mara,Edmund,Mara.Edmund@yopmail.com,Mara.Edmund@gmail.com,police officer
404,Verla,Justinn,Verla.Justinn@yopmail.com,Verla.Justinn@gmail.com,developer
405,Janeczka,Fitzsimmons,Janeczka.Fitzsimmons@yopmail.com,Janeczka.Fitzsimmons@gmail.com,doctor
406,Kalina,Plato,Kalina.Plato@yopmail.com,Kalina.Plato@gmail.com,police officer
407,Bernardine,Ardra,Bernardine.Ardra@yopmail.com,Bernardine.Ardra@gmail.com,worker
408,Frieda,Maurine,Frieda.Maurine@yopmail.com,Frieda.Maurine@gmail.com,doctor
409,Ricky,Joachim,Ricky.Joachim@yopmail.com,Ricky.Joachim@gmail.com,developer
410,Jinny,Lymann,Jinny.Lymann@yopmail.com,Jinny.Lymann@gmail.com,firefighter
411,Karena,Amethist,Karena.Amethist@yopmail.com,Karena.Amethist@gmail.com,developer
412,Kellen,Chauncey,Kellen.Chauncey@yopmail.com,Kellen.Chauncey@gmail.com,police officer
413,Lanae,Marisa,Lanae.Marisa@yopmail.com,Lanae.Marisa@gmail.com,worker
414,Deane,Izaak,Deane.Izaak@yopmail.com,Deane.Izaak@gmail.com,firefighter
415,Tabbatha,Fillbert,Tabbatha.Fillbert@yopmail.com,Tabbatha.Fillbert@gmail.com,doctor
416,Viki,Kevon,Viki.Kevon@yopmail.com,Viki.Kevon@gmail.com,doctor
417,Eadie,Vins,Eadie.Vins@yopmail.com,Eadie.Vins@gmail.com,worker
418,Theodora,Cosenza,Theodora.Cosenza@yopmail.com,Theodora.Cosenza@gmail.com,firefighter
419,Maryellen,Riordan,Maryellen.Riordan@yopmail.com,Maryellen.Riordan@gmail.com,worker
420,Barbi,Paine,Barbi.Paine@yopmail.com,Barbi.Paine@gmail.com,doctor
421,Petronia,Gillan,Petronia.Gillan@yopmail.com,Petronia.Gillan@gmail.com,doctor
422,Sandie,Ochs,Sandie.Ochs@yopmail.com,Sandie.Ochs@gmail.com,developer
423,Mariele,Randene,Mariele.Randene@yopmail.com,Mariele.Randene@gmail.com,firefighter
424,Heida,Nedrud,Heida.Nedrud@yopmail.com,Heida.Nedrud@gmail.com,police officer
425,Krystle,Federica,Krystle.Federica@yopmail.com,Krystle.Federica@gmail.com,police officer
426,Minda,Skell,Minda.Skell@yopmail.com,Minda.Skell@gmail.com,developer
427,Jerry,Ummersen,Jerry.Ummersen@yopmail.com,Jerry.Ummersen@gmail.com,doctor
428,Mireielle,Berriman,Mireielle.Berriman@yopmail.com,Mireielle.Berriman@gmail.com,firefighter
429,Inga,Martguerita,Inga.Martguerita@yopmail.com,Inga.Martguerita@gmail.com,worker
430,Marjie,Gaulin,Marjie.Gaulin@yopmail.com,Marjie.Gaulin@gmail.com,firefighter
431,Emylee,Shuler,Emylee.Shuler@yopmail.com,Emylee.Shuler@gmail.com,firefighter
432,Tilly,Aprile,Tilly.Aprile@yopmail.com,Tilly.Aprile@gmail.com,firefighter
433,Corina,Anis,Corina.Anis@yopmail.com,Corina.Anis@gmail.com,worker
434,Kaia,Hailee,Kaia.Hailee@yopmail.com,Kaia.Hailee@gmail.com,worker
435,Georgetta,Simmonds,Georgetta.Simmonds@yopmail.com,Georgetta.Simmonds@gmail.com,developer
436,Damaris,Socha,Damaris.Socha@yopmail.com,Damaris.Socha@gmail.com,doctor
437,Benita,Bartlett,Benita.Bartlett@yopmail.com,Benita.Bartlett@gmail.com,worker
438,Sam,Salchunas,Sam.Salchunas@yopmail.com,Sam.Salchunas@gmail.com,doctor
439,Chloris,Bari,Chloris.Bari@yopmail.com,Chloris.Bari@gmail.com,worker
440,Xylina,Carbo,Xylina.Carbo@yopmail.com,Xylina.Carbo@gmail.com,firefighter
441,Nataline,Kiersten,Nataline.Kiersten@yopmail.com,Nataline.Kiersten@gmail.com,worker
442,Giustina,Seumas,Giustina.Seumas@yopmail.com,Giustina.Seumas@gmail.com,developer
443,Estell,Kathie,Estell.Kathie@yopmail.com,Estell.Kathie@gmail.com,police officer
444,Andeee,Gordon,Andeee.Gordon@yopmail.com,Andeee.Gordon@gmail.com,doctor
445,Daphne,Whiffen,Daphne.Whiffen@yopmail.com,Daphne.Whiffen@gmail.com,developer
446,Cecile,Erminia,Cecile.Erminia@yopmail.com,Cecile.Erminia@gmail.com,developer
447,Caryl,Gaulin,Caryl.Gaulin@yopmail.com,Caryl.Gaulin@gmail.com,firefighter
448,Codie,Elvyn,Codie.Elvyn@yopmail.com,Codie.Elvyn@gmail.com,worker
449,Atlanta,Howlyn,Atlanta.Howlyn@yopmail.com,Atlanta.Howlyn@gmail.com,doctor
450,Theodora,Amadas,Theodora.Amadas@yopmail.com,Theodora.Amadas@gmail.com,doctor
451,Ronna,Sigfrid,Ronna.Sigfrid@yopmail.com,Ronna.Sigfrid@gmail.com,police officer
452,Augustine,Mott,Augustine.Mott@yopmail.com,Augustine.Mott@gmail.com,police officer
453,Briney,Faro,Briney.Faro@yopmail.com,Briney.Faro@gmail.com,worker
454,Phedra,Giff,Phedra.Giff@yopmail.com,Phedra.Giff@gmail.com,doctor
455,Gavrielle,Daniele,Gavrielle.Daniele@yopmail.com,Gavrielle.Daniele@gmail.com,worker
456,Angela,Monk,Angela.Monk@yopmail.com,Angela.Monk@gmail.com,firefighter
457,Melodie,Fosque,Melodie.Fosque@yopmail.com,Melodie.Fosque@gmail.com,developer
458,Shirlee,Evvie,Shirlee.Evvie@yopmail.com,Shirlee.Evvie@gmail.com,developer
459,Noelle,Chesna,Noelle.Chesna@yopmail.com,Noelle.Chesna@gmail.com,firefighter
460,Janenna,Lasley,Janenna.Lasley@yopmail.com,Janenna.Lasley@gmail.com,doctor
461,Inga,Leler,Inga.Leler@yopmail.com,Inga.Leler@gmail.com,police officer
462,Marti,Elvyn,Marti.Elvyn@yopmail.com,Marti.Elvyn@gmail.com,developer
463,Celene,Cullin,Celene.Cullin@yopmail.com,Celene.Cullin@gmail.com,firefighter
464,Correy,Saree,Correy.Saree@yopmail.com,Correy.Saree@gmail.com,police officer
465,Leeanne,Louanna,Leeanne.Louanna@yopmail.com,Leeanne.Louanna@gmail.com,police officer
466,Tressa,Goddard,Tressa.Goddard@yopmail.com,Tressa.Goddard@gmail.com,police officer
467,Mamie,Kellby,Mamie.Kellby@yopmail.com,Mamie.Kellby@gmail.com,firefighter
468,Imojean,Junie,Imojean.Junie@yopmail.com,Imojean.Junie@gmail.com,worker
469,Gwenneth,Amasa,Gwenneth.Amasa@yopmail.com,Gwenneth.Amasa@gmail.com,police officer
470,Lila,Erminia,Lila.Erminia@yopmail.com,Lila.Erminia@gmail.com,developer
471,Caritta,Obed,Caritta.Obed@yopmail.com,Caritta.Obed@gmail.com,developer
472,Aimil,Lowry,Aimil.Lowry@yopmail.com,Aimil.Lowry@gmail.com,developer
473,Kerrin,Earlie,Kerrin.Earlie@yopmail.com,Kerrin.Earlie@gmail.com,police officer
474,Cassondra,Valoniah,Cassondra.Valoniah@yopmail.com,Cassondra.Valoniah@gmail.com,doctor
475,Lucille,Bakerman,Lucille.Bakerman@yopmail.com,Lucille.Bakerman@gmail.com,firefighter
476,Bibby,Zaslow,Bibby.Zaslow@yopmail.com,Bibby.Zaslow@gmail.com,developer
477,Caryl,Alwin,Caryl.Alwin@yopmail.com,Caryl.Alwin@gmail.com,firefighter
478,Nonnah,Lubin,Nonnah.Lubin@yopmail.com,Nonnah.Lubin@gmail.com,developer
479,Jennica,Azeria,Jennica.Azeria@yopmail.com,Jennica.Azeria@gmail.com,doctor
480,Eolanda,Stacy,Eolanda.Stacy@yopmail.com,Eolanda.Stacy@gmail.com,doctor
481,Ada,Sheng,Ada.Sheng@yopmail.com,Ada.Sheng@gmail.com,police officer
482,Collen,Henrie,Collen.Henrie@yopmail.com,Collen.Henrie@gmail.com,firefighter
483,Nananne,Gale,Nananne.Gale@yopmail.com,Nananne.Gale@gmail.com,firefighter
484,Anthia,Zuzana,Anthia.Zuzana@yopmail.com,Anthia.Zuzana@gmail.com,worker
485,Gertrud,Noam,Gertrud.Noam@yopmail.com,Gertrud.Noam@gmail.com,doctor
486,Cassandra,Oscar,Cassandra.Oscar@yopmail.com,Cassandra.Oscar@gmail.com,developer
487,Latisha,Roche,Latisha.Roche@yopmail.com,Latisha.Roche@gmail.com,doctor
488,Kristina,Ephrem,Kristina.Ephrem@yopmail.com,Kristina.Ephrem@gmail.com,doctor
489,Esmeralda,Wallis,Esmeralda.Wallis@yopmail.com,Esmeralda.Wallis@gmail.com,police officer
490,Alleen,Evangelia,Alleen.Evangelia@yopmail.com,Alleen.Evangelia@gmail.com,police officer
491,Wilma,Hepsibah,Wilma.Hepsibah@yopmail.com,Wilma.Hepsibah@gmail.com,worker
492,Elfreda,Wenoa,Elfreda.Wenoa@yopmail.com,Elfreda.Wenoa@gmail.com,developer
493,Tonia,Friede,Tonia.Friede@yopmail.com,Tonia.Friede@gmail.com,developer
494,Dyann,Syd,Dyann.Syd@yopmail.com,Dyann.Syd@gmail.com,developer
495,Clo,Fitzsimmons,Clo.Fitzsimmons@yopmail.com,Clo.Fitzsimmons@gmail.com,developer
496,Brana,Brenn,Brana.Brenn@yopmail.com,Brana.Brenn@gmail.com,worker
497,Elena,Audly,Elena.Audly@yopmail.com,Elena.Audly@gmail.com,doctor
498,Esmeralda,Ledah,Esmeralda.Ledah@yopmail.com,Esmeralda.Ledah@gmail.com,worker
499,Hannis,Robertson,Hannis.Robertson@yopmail.com,Hannis.Robertson@gmail.com,firefighter
500,Fina,Aurelio,Fina.Aurelio@yopmail.com,Fina.Aurelio@gmail.com,developer
501,Modestia,Anselmi,Modestia.Anselmi@yopmail.com,Modestia.Anselmi@gmail.com,worker
502,Jessamyn,Cimbura,Jessamyn.Cimbura@yopmail.com,Jessamyn.Cimbura@gmail.com,doctor
503,Felice,Behre,Felice.Behre@yopmail.com,Felice.Behre@gmail.com,developer
504,Eadie,Suk,Eadie.Suk@yopmail.com,Eadie.Suk@gmail.com,doctor
505,Althea,Bennie,Althea.Bennie@yopmail.com,Althea.Bennie@gmail.com,doctor
506,Hope,Robertson,Hope.Robertson@yopmail.com,Hope.Robertson@gmail.com,firefighter
507,Joleen,Burch,Joleen.Burch@yopmail.com,Joleen.Burch@gmail.com,firefighter
508,Joane,Euridice,Joane.Euridice@yopmail.com,Joane.Euridice@gmail.com,worker
509,Agathe,Girardo,Agathe.Girardo@yopmail.com,Agathe.Girardo@gmail.com,firefighter
510,Romona,Heisel,Romona.Heisel@yopmail.com,Romona.Heisel@gmail.com,worker
511,Kimberley,Cookie,Kimberley.Cookie@yopmail.com,Kimberley.Cookie@gmail.com,worker
512,Alejandra,Drisko,Alejandra.Drisko@yopmail.com,Alejandra.Drisko@gmail.com,firefighter
513,Tami,Zachary,Tami.Zachary@yopmail.com,Tami.Zachary@gmail.com,developer
514,Corly,Naor,Corly.Naor@yopmail.com,Corly.Naor@gmail.com,worker
515,Brooks,Nance,Brooks.Nance@yopmail.com,Brooks.Nance@gmail.com,developer
516,Eugine,Devlen,Eugine.Devlen@yopmail.com,Eugine.Devlen@gmail.com,doctor
517,Barbi,Eldrid,Barbi.Eldrid@yopmail.com,Barbi.Eldrid@gmail.com,worker
518,Isa,Travax,Isa.Travax@yopmail.com,Isa.Travax@gmail.com,police officer
519,Violet,Karl,Violet.Karl@yopmail.com,Violet.Karl@gmail.com,firefighter
520,Dominga,Darian,Dominga.Darian@yopmail.com,Dominga.Darian@gmail.com,firefighter
521,Morganica,Ephrem,Morganica.Ephrem@yopmail.com,Morganica.Ephrem@gmail.com,worker
522,Benita,Leopold,Benita.Leopold@yopmail.com,Benita.Leopold@gmail.com,firefighter
523,Caritta,Brittani,Caritta.Brittani@yopmail.com,Caritta.Brittani@gmail.com,firefighter
524,Cristabel,Weide,Cristabel.Weide@yopmail.com,Cristabel.Weide@gmail.com,firefighter
525,Damaris,Hortensia,Damaris.Hortensia@yopmail.com,Damaris.Hortensia@gmail.com,worker
526,Meghann,Sibyls,Meghann.Sibyls@yopmail.com,Meghann.Sibyls@gmail.com,developer
527,Aimil,Gherardo,Aimil.Gherardo@yopmail.com,Aimil.Gherardo@gmail.com,doctor
528,Chickie,Teryn,Chickie.Teryn@yopmail.com,Chickie.Teryn@gmail.com,developer
529,Abbie,Phyllis,Abbie.Phyllis@yopmail.com,Abbie.Phyllis@gmail.com,developer
530,Sashenka,Elephus,Sashenka.Elephus@yopmail.com,Sashenka.Elephus@gmail.com,doctor
531,Eugine,Buffum,Eugine.Buffum@yopmail.com,Eugine.Buffum@gmail.com,doctor
532,Marcelline,Alwin,Marcelline.Alwin@yopmail.com,Marcelline.Alwin@gmail.com,doctor
533,Meghann,Munn,Meghann.Munn@yopmail.com,Meghann.Munn@gmail.com,worker
534,Tarra,Fredi,Tarra.Fredi@yopmail.com,Tarra.Fredi@gmail.com,firefighter
535,Tani,Barney,Tani.Barney@yopmail.com,Tani.Barney@gmail.com,worker
536,Magdalena,Knowling,Magdalena.Knowling@yopmail.com,Magdalena.Knowling@gmail.com,firefighter
537,Jenda,Stanwood,Jenda.Stanwood@yopmail.com,Jenda.Stanwood@gmail.com,worker
538,Jennica,Sherrie,Jennica.Sherrie@yopmail.com,Jennica.Sherrie@gmail.com,worker
539,Kary,Cassius,Kary.Cassius@yopmail.com,Kary.Cassius@gmail.com,doctor
540,June,Janith,June.Janith@yopmail.com,June.Janith@gmail.com,developer
541,Romona,Pond,Romona.Pond@yopmail.com,Romona.Pond@gmail.com,doctor
542,Ann-Marie,Autrey,Ann-Marie.Autrey@yopmail.com,Ann-Marie.Autrey@gmail.com,worker
543,Debee,Sekofski,Debee.Sekofski@yopmail.com,Debee.Sekofski@gmail.com,worker
544,Winny,Aurelio,Winny.Aurelio@yopmail.com,Winny.Aurelio@gmail.com,doctor
545,Shandie,Bates,Shandie.Bates@yopmail.com,Shandie.Bates@gmail.com,firefighter
546,Cristine,Milson,Cristine.Milson@yopmail.com,Cristine.Milson@gmail.com,firefighter
547,Meghann,Secrest,Meghann.Secrest@yopmail.com,Meghann.Secrest@gmail.com,firefighter
548,Ermengarde,Kat,Ermengarde.Kat@yopmail.com,Ermengarde.Kat@gmail.com,worker
549,Ida,Rad,Ida.Rad@yopmail.com,Ida.Rad@gmail.com,developer
550,Eugine,Nedrud,Eugine.Nedrud@yopmail.com,Eugine.Nedrud@gmail.com,worker
551,Cyndie,Sprage,Cyndie.Sprage@yopmail.com,Cyndie.Sprage@gmail.com,doctor
552,Winifred,Stevy,Winifred.Stevy@yopmail.com,Winifred.Stevy@gmail.com,police officer
553,Joleen,Quinn,Joleen.Quinn@yopmail.com,Joleen.Quinn@gmail.com,developer
554,Valera,Aprile,Valera.Aprile@yopmail.com,Valera.Aprile@gmail.com,developer
555,Micheline,Stanwood,Micheline.Stanwood@yopmail.com,Micheline.Stanwood@gmail.com,developer
556,Fernande,Aprile,Fernande.Aprile@yopmail.com,Fernande.Aprile@gmail.com,worker
557,Kathi,Dowski,Kathi.Dowski@yopmail.com,Kathi.Dowski@gmail.com,police officer
558,Marcy,Eliathas,Marcy.Eliathas@yopmail.com,Marcy.Eliathas@gmail.com,firefighter
559,Shell,Fiann,Shell.Fiann@yopmail.com,Shell.Fiann@gmail.com,firefighter
560,Alyssa,Jefferey,Alyssa.Jefferey@yopmail.com,Alyssa.Jefferey@gmail.com,firefighter
561,Ethel,Kunin,Ethel.Kunin@yopmail.com,Ethel.Kunin@gmail.com,developer
562,Dorene,Ovid,Dorene.Ovid@yopmail.com,Dorene.Ovid@gmail.com,developer
563,Taffy,Penelopa,Taffy.Penelopa@yopmail.com,Taffy.Penelopa@gmail.com,police officer
564,Gianina,Grobe,Gianina.Grobe@yopmail.com,Gianina.Grobe@gmail.com,worker
565,Gaylene,Bennie,Gaylene.Bennie@yopmail.com,Gaylene.Bennie@gmail.com,developer
566,Adelle,Constancy,Adelle.Constancy@yopmail.com,Adelle.Constancy@gmail.com,developer
567,Modestia,Boehike,Modestia.Boehike@yopmail.com,Modestia.Boehike@gmail.com,doctor
568,Belinda,Pettiford,Belinda.Pettiford@yopmail.com,Belinda.Pettiford@gmail.com,developer
569,Evaleen,Ursulette,Evaleen.Ursulette@yopmail.com,Evaleen.Ursulette@gmail.com,doctor
570,Teriann,Sophronia,Teriann.Sophronia@yopmail.com,Teriann.Sophronia@gmail.com,doctor
571,Brynna,Darbie,Brynna.Darbie@yopmail.com,Brynna.Darbie@gmail.com,doctor
572,Alisha,Clie,Alisha.Clie@yopmail.com,Alisha.Clie@gmail.com,police officer
573,Alexine,Suzetta,Alexine.Suzetta@yopmail.com,Alexine.Suzetta@gmail.com,developer
574,Kimberley,Daegal,Kimberley.Daegal@yopmail.com,Kimberley.Daegal@gmail.com,doctor
575,Myrtice,Marijo,Myrtice.Marijo@yopmail.com,Myrtice.Marijo@gmail.com,doctor
576,Hermione,Bury,Hermione.Bury@yopmail.com,Hermione.Bury@gmail.com,firefighter
577,Leona,Diogenes,Leona.Diogenes@yopmail.com,Leona.Diogenes@gmail.com,doctor
578,Emilia,Baylor,Emilia.Baylor@yopmail.com,Emilia.Baylor@gmail.com,doctor
579,Morganica,Kiyoshi,Morganica.Kiyoshi@yopmail.com,Morganica.Kiyoshi@gmail.com,developer
580,Cathie,Lucienne,Cathie.Lucienne@yopmail.com,Cathie.Lucienne@gmail.com,worker
581,Meriel,Lory,Meriel.Lory@yopmail.com,Meriel.Lory@gmail.com,police officer
582,Chandra,Dulciana,Chandra.Dulciana@yopmail.com,Chandra.Dulciana@gmail.com,developer
583,Melisent,Pyle,Melisent.Pyle@yopmail.com,Melisent.Pyle@gmail.com,police officer
584,Charissa,Poppy,Charissa.Poppy@yopmail.com,Charissa.Poppy@gmail.com,doctor
585,Jasmina,Mata,Jasmina.Mata@yopmail.com,Jasmina.Mata@gmail.com,developer
586,Therine,Bandeen,Therine.Bandeen@yopmail.com,Therine.Bandeen@gmail.com,firefighter
587,Vinita,Kosey,Vinita.Kosey@yopmail.com,Vinita.Kosey@gmail.com,developer
588,Charmaine,Charmine,Charmaine.Charmine@yopmail.com,Charmaine.Charmine@gmail.com,firefighter
589,Concettina,Hirsch,Concettina.Hirsch@yopmail.com,Concettina.Hirsch@gmail.com,firefighter
590,Gilda,Karylin,Gilda.Karylin@yopmail.com,Gilda.Karylin@gmail.com,worker
591,Stevana,Terencio,Stevana.Terencio@yopmail.com,Stevana.Terencio@gmail.com,developer
592,Carree,Poppy,Carree.Poppy@yopmail.com,Carree.Poppy@gmail.com,doctor
593,Candy,Ambrosia,Candy.Ambrosia@yopmail.com,Candy.Ambrosia@gmail.com,worker
594,Deane,Rugen,Deane.Rugen@yopmail.com,Deane.Rugen@gmail.com,firefighter
595,Anallese,Gillan,Anallese.Gillan@yopmail.com,Anallese.Gillan@gmail.com,worker
596,Kirstin,Grayce,Kirstin.Grayce@yopmail.com,Kirstin.Grayce@gmail.com,firefighter
597,Aaren,Carolin,Aaren.Carolin@yopmail.com,Aaren.Carolin@gmail.com,developer
598,Mireielle,Tippets,Mireielle.Tippets@yopmail.com,Mireielle.Tippets@gmail.com,police officer
599,Theodora,Vanni,Theodora.Vanni@yopmail.com,Theodora.Vanni@gmail.com,doctor
600,Gretal,Goerke,Gretal.Goerke@yopmail.com,Gretal.Goerke@gmail.com,firefighter
601,Esmeralda,Haerr,Esmeralda.Haerr@yopmail.com,Esmeralda.Haerr@gmail.com,firefighter
602,Darlleen,Keelia,Darlleen.Keelia@yopmail.com,Darlleen.Keelia@gmail.com,worker
603,Kristan,Alexandr,Kristan.Alexandr@yopmail.com,Kristan.Alexandr@gmail.com,worker
604,Lelah,O'Rourke,Lelah.O'Rourke@yopmail.com,Lelah.O'Rourke@gmail.com,firefighter
605,Roxane,Braun,Roxane.Braun@yopmail.com,Roxane.Braun@gmail.com,doctor
606,Suzette,Annabella,Suzette.Annabella@yopmail.com,Suzette.Annabella@gmail.com,firefighter
607,Adriana,Moina,Adriana.Moina@yopmail.com,Adriana.Moina@gmail.com,police officer
608,Dorice,Tengdin,Dorice.Tengdin@yopmail.com,Dorice.Tengdin@gmail.com,police officer
609,Cassondra,Yam,Cassondra.Yam@yopmail.com,Cassondra.Yam@gmail.com,police officer
610,Caressa,Seumas,Caressa.Seumas@yopmail.com,Caressa.Seumas@gmail.com,police officer
611,Britte,Bultman,Britte.Bultman@yopmail.com,Britte.Bultman@gmail.com,doctor
612,Dale,Primalia,Dale.Primalia@yopmail.com,Dale.Primalia@gmail.com,developer
613,Frieda,Marijo,Frieda.Marijo@yopmail.com,Frieda.Marijo@gmail.com,doctor
614,Hannis,Emmy,Hannis.Emmy@yopmail.com,Hannis.Emmy@gmail.com,doctor
615,Ingrid,Ruvolo,Ingrid.Ruvolo@yopmail.com,Ingrid.Ruvolo@gmail.com,doctor
616,Tersina,Reidar,Tersina.Reidar@yopmail.com,Tersina.Reidar@gmail.com,firefighter
617,Brynna,Fancie,Brynna.Fancie@yopmail.com,Brynna.Fancie@gmail.com,firefighter
618,Antonietta,Saree,Antonietta.Saree@yopmail.com,Antonietta.Saree@gmail.com,worker
619,Donetta,Faria,Donetta.Faria@yopmail.com,Donetta.Faria@gmail.com,developer
620,Amii,Paton,Amii.Paton@yopmail.com,Amii.Paton@gmail.com,worker
621,Sallie,An,Sallie.An@yopmail.com,Sallie.An@gmail.com,doctor
622,Helsa,Rurik,Helsa.Rurik@yopmail.com,Helsa.Rurik@gmail.com,developer
623,Hayley,Bari,Hayley.Bari@yopmail.com,Hayley.Bari@gmail.com,firefighter
624,Lorne,Bashemeth,Lorne.Bashemeth@yopmail.com,Lorne.Bashemeth@gmail.com,firefighter
625,Claresta,Prouty,Claresta.Prouty@yopmail.com,Claresta.Prouty@gmail.com,firefighter
626,Alia,Wind,Alia.Wind@yopmail.com,Alia.Wind@gmail.com,firefighter
627,Orelia,Afton,Orelia.Afton@yopmail.com,Orelia.Afton@gmail.com,firefighter
628,Goldie,Nerita,Goldie.Nerita@yopmail.com,Goldie.Nerita@gmail.com,developer
629,Nerta,Helfand,Nerta.Helfand@yopmail.com,Nerta.Helfand@gmail.com,firefighter
630,Gisela,Dominy,Gisela.Dominy@yopmail.com,Gisela.Dominy@gmail.com,firefighter
631,Sue,Mallon,Sue.Mallon@yopmail.com,Sue.Mallon@gmail.com,doctor
632,Iseabal,Lory,Iseabal.Lory@yopmail.com,Iseabal.Lory@gmail.com,worker
633,Dacia,Curren,Dacia.Curren@yopmail.com,Dacia.Curren@gmail.com,police officer
634,Lisette,Greyson,Lisette.Greyson@yopmail.com,Lisette.Greyson@gmail.com,police officer
635,Lizzie,Harday,Lizzie.Harday@yopmail.com,Lizzie.Harday@gmail.com,firefighter
636,Karena,Rugen,Karena.Rugen@yopmail.com,Karena.Rugen@gmail.com,police officer
637,Micheline,Haerr,Micheline.Haerr@yopmail.com,Micheline.Haerr@gmail.com,developer
638,Christy,Willie,Christy.Willie@yopmail.com,Christy.Willie@gmail.com,developer
639,Damaris,Henrie,Damaris.Henrie@yopmail.com,Damaris.Henrie@gmail.com,police officer
640,Leia,Calhoun,Leia.Calhoun@yopmail.com,Leia.Calhoun@gmail.com,doctor
641,Carolina,Madelene,Carolina.Madelene@yopmail.com,Carolina.Madelene@gmail.com,developer
642,Cindelyn,Cherianne,Cindelyn.Cherianne@yopmail.com,Cindelyn.Cherianne@gmail.com,firefighter
643,Merry,Gahl,Merry.Gahl@yopmail.com,Merry.Gahl@gmail.com,police officer
644,Jenda,Krystle,Jenda.Krystle@yopmail.com,Jenda.Krystle@gmail.com,developer
645,Hettie,Donoghue,Hettie.Donoghue@yopmail.com,Hettie.Donoghue@gmail.com,police officer
646,Dulce,Moina,Dulce.Moina@yopmail.com,Dulce.Moina@gmail.com,doctor
647,Meghann,Pearse,Meghann.Pearse@yopmail.com,Meghann.Pearse@gmail.com,worker
648,Rebeca,Nelsen,Rebeca.Nelsen@yopmail.com,Rebeca.Nelsen@gmail.com,firefighter
649,Beatriz,Trey,Beatriz.Trey@yopmail.com,Beatriz.Trey@gmail.com,firefighter
650,Maryellen,Chinua,Maryellen.Chinua@yopmail.com,Maryellen.Chinua@gmail.com,doctor
651,Aaren,Rogerio,Aaren.Rogerio@yopmail.com,Aaren.Rogerio@gmail.com,worker
652,Dorthy,Gregrory,Dorthy.Gregrory@yopmail.com,Dorthy.Gregrory@gmail.com,worker
653,Vinita,Mauer,Vinita.Mauer@yopmail.com,Vinita.Mauer@gmail.com,worker
654,Aubrie,Zetta,Aubrie.Zetta@yopmail.com,Aubrie.Zetta@gmail.com,worker
655,Charmaine,Lamoree,Charmaine.Lamoree@yopmail.com,Charmaine.Lamoree@gmail.com,doctor
656,Daphne,Estella,Daphne.Estella@yopmail.com,Daphne.Estella@gmail.com,worker
657,Merrie,Zitvaa,Merrie.Zitvaa@yopmail.com,Merrie.Zitvaa@gmail.com,developer
658,Donnie,Charmine,Donnie.Charmine@yopmail.com,Donnie.Charmine@gmail.com,doctor
659,Mellicent,Lutero,Mellicent.Lutero@yopmail.com,Mellicent.Lutero@gmail.com,worker
660,Adriana,Reneta,Adriana.Reneta@yopmail.com,Adriana.Reneta@gmail.com,police officer
661,Nessie,Rustice,Nessie.Rustice@yopmail.com,Nessie.Rustice@gmail.com,developer
662,Trudie,Kosey,Trudie.Kosey@yopmail.com,Trudie.Kosey@gmail.com,police officer
663,Amelia,Couture,Amelia.Couture@yopmail.com,Amelia.Couture@gmail.com,police officer
664,Teriann,Caitlin,Teriann.Caitlin@yopmail.com,Teriann.Caitlin@gmail.com,developer
665,Fayre,Cullin,Fayre.Cullin@yopmail.com,Fayre.Cullin@gmail.com,developer
666,Charlena,Hoenack,Charlena.Hoenack@yopmail.com,Charlena.Hoenack@gmail.com,worker
667,Cindelyn,Eliathas,Cindelyn.Eliathas@yopmail.com,Cindelyn.Eliathas@gmail.com,developer
668,Anthia,Kylander,Anthia.Kylander@yopmail.com,Anthia.Kylander@gmail.com,worker
669,Mathilda,Buffum,Mathilda.Buffum@yopmail.com,Mathilda.Buffum@gmail.com,doctor
670,Clementine,Gert,Clementine.Gert@yopmail.com,Clementine.Gert@gmail.com,doctor
671,Janeczka,Toor,Janeczka.Toor@yopmail.com,Janeczka.Toor@gmail.com,police officer
672,Bettine,Publia,Bettine.Publia@yopmail.com,Bettine.Publia@gmail.com,firefighter
673,Babita,Rossner,Babita.Rossner@yopmail.com,Babita.Rossner@gmail.com,developer
674,Deloria,Franza,Deloria.Franza@yopmail.com,Deloria.Franza@gmail.com,doctor
675,Sandie,Emerson,Sandie.Emerson@yopmail.com,Sandie.Emerson@gmail.com,developer
676,Emma,Rolf,Emma.Rolf@yopmail.com,Emma.Rolf@gmail.com,developer
677,Myriam,Lumbard,Myriam.Lumbard@yopmail.com,Myriam.Lumbard@gmail.com,doctor
678,Gwyneth,Arley,Gwyneth.Arley@yopmail.com,Gwyneth.Arley@gmail.com,police officer
679,Basia,Natalia,Basia.Natalia@yopmail.com,Basia.Natalia@gmail.com,doctor
680,Elfreda,Taima,Elfreda.Taima@yopmail.com,Elfreda.Taima@gmail.com,developer
681,Ottilie,Carmena,Ottilie.Carmena@yopmail.com,Ottilie.Carmena@gmail.com,doctor
682,Addia,Thilda,Addia.Thilda@yopmail.com,Addia.Thilda@gmail.com,firefighter
683,Donnie,Vittoria,Donnie.Vittoria@yopmail.com,Donnie.Vittoria@gmail.com,doctor
684,Maisey,Corilla,Maisey.Corilla@yopmail.com,Maisey.Corilla@gmail.com,doctor
685,Dotty,Goode,Dotty.Goode@yopmail.com,Dotty.Goode@gmail.com,firefighter
686,Linzy,Goth,Linzy.Goth@yopmail.com,Linzy.Goth@gmail.com,worker
687,Berget,Poll,Berget.Poll@yopmail.com,Berget.Poll@gmail.com,worker
688,Tierney,Hubert,Tierney.Hubert@yopmail.com,Tierney.Hubert@gmail.com,police officer
689,Kirbee,Elisha,Kirbee.Elisha@yopmail.com,Kirbee.Elisha@gmail.com,doctor
690,Nerta,Holbrook,Nerta.Holbrook@yopmail.com,Nerta.Holbrook@gmail.com,firefighter
691,Blondelle,Gordon,Blondelle.Gordon@yopmail.com,Blondelle.Gordon@gmail.com,worker
692,Miquela,Dorine,Miquela.Dorine@yopmail.com,Miquela.Dorine@gmail.com,firefighter
693,Leanna,Brady,Leanna.Brady@yopmail.com,Leanna.Brady@gmail.com,doctor
694,Kellen,Edee,Kellen.Edee@yopmail.com,Kellen.Edee@gmail.com,police officer
695,Jan,Federica,Jan.Federica@yopmail.com,Jan.Federica@gmail.com,doctor
696,Myrtice,Keelia,Myrtice.Keelia@yopmail.com,Myrtice.Keelia@gmail.com,doctor
697,Gabriellia,Frodi,Gabriellia.Frodi@yopmail.com,Gabriellia.Frodi@gmail.com,developer
698,Louella,Chrystel,Louella.Chrystel@yopmail.com,Louella.Chrystel@gmail.com,firefighter
699,Christal,Toffic,Christal.Toffic@yopmail.com,Christal.Toffic@gmail.com,developer
700,Collen,Gaspard,Collen.Gaspard@yopmail.com,Collen.Gaspard@gmail.com,firefighter
701,Shannah,Cristi,Shannah.Cristi@yopmail.com,Shannah.Cristi@gmail.com,firefighter
702,Kial,Tengdin,Kial.Tengdin@yopmail.com,Kial.Tengdin@gmail.com,firefighter
703,Kial,Ade,Kial.Ade@yopmail.com,Kial.Ade@gmail.com,police officer
704,Brianna,Cristi,Brianna.Cristi@yopmail.com,Brianna.Cristi@gmail.com,worker
705,Catharine,Jobi,Catharine.Jobi@yopmail.com,Catharine.Jobi@gmail.com,doctor
706,Melanie,Morehouse,Melanie.Morehouse@yopmail.com,Melanie.Morehouse@gmail.com,police officer
707,Mildrid,Burkle,Mildrid.Burkle@yopmail.com,Mildrid.Burkle@gmail.com,police officer
708,Cathyleen,Macey,Cathyleen.Macey@yopmail.com,Cathyleen.Macey@gmail.com,firefighter
709,June,Klotz,June.Klotz@yopmail.com,June.Klotz@gmail.com,police officer
710,Etta,Tengdin,Etta.Tengdin@yopmail.com,Etta.Tengdin@gmail.com,firefighter
711,Aeriela,Wyn,Aeriela.Wyn@yopmail.com,Aeriela.Wyn@gmail.com,worker
712,Fawne,Stefa,Fawne.Stefa@yopmail.com,Fawne.Stefa@gmail.com,doctor
713,Lynnea,Drus,Lynnea.Drus@yopmail.com,Lynnea.Drus@gmail.com,police officer
714,Marinna,Arquit,Marinna.Arquit@yopmail.com,Marinna.Arquit@gmail.com,police officer
715,Nyssa,Voletta,Nyssa.Voletta@yopmail.com,Nyssa.Voletta@gmail.com,developer
716,Demetris,Pozzy,Demetris.Pozzy@yopmail.com,Demetris.Pozzy@gmail.com,doctor
717,Coral,Vins,Coral.Vins@yopmail.com,Coral.Vins@gmail.com,worker
718,Asia,Buttaro,Asia.Buttaro@yopmail.com,Asia.Buttaro@gmail.com,police officer
719,Jorry,Stevy,Jorry.Stevy@yopmail.com,Jorry.Stevy@gmail.com,firefighter
720,Gilda,Bach,Gilda.Bach@yopmail.com,Gilda.Bach@gmail.com,worker
721,Joelly,Rodmann,Joelly.Rodmann@yopmail.com,Joelly.Rodmann@gmail.com,police officer
722,Orelia,Sallyann,Orelia.Sallyann@yopmail.com,Orelia.Sallyann@gmail.com,developer
723,Molli,Khorma,Molli.Khorma@yopmail.com,Molli.Khorma@gmail.com,developer
724,Flo,Gilbertson,Flo.Gilbertson@yopmail.com,Flo.Gilbertson@gmail.com,worker
725,Ermengarde,Cadmar,Ermengarde.Cadmar@yopmail.com,Ermengarde.Cadmar@gmail.com,firefighter
726,Katuscha,Gert,Katuscha.Gert@yopmail.com,Katuscha.Gert@gmail.com,police officer
727,Madeleine,Ovid,Madeleine.Ovid@yopmail.com,Madeleine.Ovid@gmail.com,firefighter
728,Lizzie,Andrel,Lizzie.Andrel@yopmail.com,Lizzie.Andrel@gmail.com,police officer
729,Karolina,Lumbard,Karolina.Lumbard@yopmail.com,Karolina.Lumbard@gmail.com,firefighter
730,Marcelline,Charmine,Marcelline.Charmine@yopmail.com,Marcelline.Charmine@gmail.com,worker
731,Estell,Mehalek,Estell.Mehalek@yopmail.com,Estell.Mehalek@gmail.com,firefighter
732,Tori,Neva,Tori.Neva@yopmail.com,Tori.Neva@gmail.com,worker
733,Elie,Vins,Elie.Vins@yopmail.com,Elie.Vins@gmail.com,doctor
734,Delilah,Waldron,Delilah.Waldron@yopmail.com,Delilah.Waldron@gmail.com,developer
735,Fawne,Callista,Fawne.Callista@yopmail.com,Fawne.Callista@gmail.com,doctor
736,Debee,Karylin,Debee.Karylin@yopmail.com,Debee.Karylin@gmail.com,developer
737,Briney,Graig,Briney.Graig@yopmail.com,Briney.Graig@gmail.com,developer
738,Layla,Estella,Layla.Estella@yopmail.com,Layla.Estella@gmail.com,firefighter
739,Mildrid,Sabella,Mildrid.Sabella@yopmail.com,Mildrid.Sabella@gmail.com,police officer
740,Doralynne,Zachary,Doralynne.Zachary@yopmail.com,Doralynne.Zachary@gmail.com,developer
741,Tobe,Trinetta,Tobe.Trinetta@yopmail.com,Tobe.Trinetta@gmail.com,police officer
742,Perry,Adamsen,Perry.Adamsen@yopmail.com,Perry.Adamsen@gmail.com,developer
743,Violet,Winnick,Violet.Winnick@yopmail.com,Violet.Winnick@gmail.com,police officer
744,Dawn,Sherfield,Dawn.Sherfield@yopmail.com,Dawn.Sherfield@gmail.com,police officer
745,Rochette,Hunfredo,Rochette.Hunfredo@yopmail.com,Rochette.Hunfredo@gmail.com,worker
746,Alejandra,Adore,Alejandra.Adore@yopmail.com,Alejandra.Adore@gmail.com,developer
747,Ottilie,Woodberry,Ottilie.Woodberry@yopmail.com,Ottilie.Woodberry@gmail.com,developer
748,Debee,Judye,Debee.Judye@yopmail.com,Debee.Judye@gmail.com,doctor
749,Sean,Pillsbury,Sean.Pillsbury@yopmail.com,Sean.Pillsbury@gmail.com,firefighter
750,Damaris,Ahab,Damaris.Ahab@yopmail.com,Damaris.Ahab@gmail.com,developer
751,Drucie,Pacorro,Drucie.Pacorro@yopmail.com,Drucie.Pacorro@gmail.com,developer
752,Cathyleen,Graig,Cathyleen.Graig@yopmail.com,Cathyleen.Graig@gmail.com,firefighter
753,Eadie,Hailee,Eadie.Hailee@yopmail.com,Eadie.Hailee@gmail.com,doctor
754,Madelle,Norvol,Madelle.Norvol@yopmail.com,Madelle.Norvol@gmail.com,police officer
755,Jere,Hull,Jere.Hull@yopmail.com,Jere.Hull@gmail.com,developer
756,Arlena,Ailyn,Arlena.Ailyn@yopmail.com,Arlena.Ailyn@gmail.com,doctor
757,Paule,Ranjiv,Paule.Ranjiv@yopmail.com,Paule.Ranjiv@gmail.com,firefighter
758,Dolli,Socha,Dolli.Socha@yopmail.com,Dolli.Socha@gmail.com,doctor
759,Selia,Chobot,Selia.Chobot@yopmail.com,Selia.Chobot@gmail.com,doctor
760,Lexine,Stav,Lexine.Stav@yopmail.com,Lexine.Stav@gmail.com,police officer
761,Celestyna,Mich,Celestyna.Mich@yopmail.com,Celestyna.Mich@gmail.com,developer
762,Carly,Tiffa,Carly.Tiffa@yopmail.com,Carly.Tiffa@gmail.com,firefighter
763,Beatriz,Dudley,Beatriz.Dudley@yopmail.com,Beatriz.Dudley@gmail.com,firefighter
764,Marcy,Bennie,Marcy.Bennie@yopmail.com,Marcy.Bennie@gmail.com,developer
765,Devina,Carleen,Devina.Carleen@yopmail.com,Devina.Carleen@gmail.com,police officer
766,Dorene,Colbert,Dorene.Colbert@yopmail.com,Dorene.Colbert@gmail.com,worker
767,Coral,Orpah,Coral.Orpah@yopmail.com,Coral.Orpah@gmail.com,firefighter
768,Rhoda,Kress,Rhoda.Kress@yopmail.com,Rhoda.Kress@gmail.com,doctor
769,Roslyn,Buttaro,Roslyn.Buttaro@yopmail.com,Roslyn.Buttaro@gmail.com,developer
770,Dagmar,Etom,Dagmar.Etom@yopmail.com,Dagmar.Etom@gmail.com,firefighter
771,Cordi,Ephrem,Cordi.Ephrem@yopmail.com,Cordi.Ephrem@gmail.com,firefighter
772,Tersina,Jehu,Tersina.Jehu@yopmail.com,Tersina.Jehu@gmail.com,doctor
773,Susan,Lesley,Susan.Lesley@yopmail.com,Susan.Lesley@gmail.com,worker
774,Gratia,Lytton,Gratia.Lytton@yopmail.com,Gratia.Lytton@gmail.com,worker
775,Sara-Ann,Anestassia,Sara-Ann.Anestassia@yopmail.com,Sara-Ann.Anestassia@gmail.com,worker
776,Blondelle,Richers,Blondelle.Richers@yopmail.com,Blondelle.Richers@gmail.com,worker
777,Tani,Hazlett,Tani.Hazlett@yopmail.com,Tani.Hazlett@gmail.com,firefighter
778,Lusa,Marcellus,Lusa.Marcellus@yopmail.com,Lusa.Marcellus@gmail.com,police officer
779,Allyce,Faro,Allyce.Faro@yopmail.com,Allyce.Faro@gmail.com,firefighter
780,Josephine,Alrich,Josephine.Alrich@yopmail.com,Josephine.Alrich@gmail.com,police officer
781,Heida,Vins,Heida.Vins@yopmail.com,Heida.Vins@gmail.com,firefighter
782,Bill,Oneida,Bill.Oneida@yopmail.com,Bill.Oneida@gmail.com,doctor
783,Julieta,Halsey,Julieta.Halsey@yopmail.com,Julieta.Halsey@gmail.com,worker
784,Kenna,Valoniah,Kenna.Valoniah@yopmail.com,Kenna.Valoniah@gmail.com,developer
785,Cordi,Khorma,Cordi.Khorma@yopmail.com,Cordi.Khorma@gmail.com,firefighter
786,Catharine,Yuille,Catharine.Yuille@yopmail.com,Catharine.Yuille@gmail.com,doctor
787,Joeann,Durante,Joeann.Durante@yopmail.com,Joeann.Durante@gmail.com,developer
788,Tomasina,Capello,Tomasina.Capello@yopmail.com,Tomasina.Capello@gmail.com,developer
789,Hermione,Uird,Hermione.Uird@yopmail.com,Hermione.Uird@gmail.com,firefighter
790,Bernie,Lowry,Bernie.Lowry@yopmail.com,Bernie.Lowry@gmail.com,developer
791,Nataline,Atcliffe,Nataline.Atcliffe@yopmail.com,Nataline.Atcliffe@gmail.com,developer
792,Alex,Destinee,Alex.Destinee@yopmail.com,Alex.Destinee@gmail.com,firefighter
793,Ekaterina,Philipp,Ekaterina.Philipp@yopmail.com,Ekaterina.Philipp@gmail.com,developer
794,Halette,Gladstone,Halette.Gladstone@yopmail.com,Halette.Gladstone@gmail.com,firefighter
795,Priscilla,Joseph,Priscilla.Joseph@yopmail.com,Priscilla.Joseph@gmail.com,firefighter
796,Britni,Terencio,Britni.Terencio@yopmail.com,Britni.Terencio@gmail.com,developer
797,Hannis,Marcellus,Hannis.Marcellus@yopmail.com,Hannis.Marcellus@gmail.com,worker
798,Zsa Zsa,Raseda,Zsa Zsa.Raseda@yopmail.com,Zsa Zsa.Raseda@gmail.com,developer
799,Courtnay,Lytton,Courtnay.Lytton@yopmail.com,Courtnay.Lytton@gmail.com,firefighter
800,Doro,Toni,Doro.Toni@yopmail.com,Doro.Toni@gmail.com,firefighter
801,Merci,Alisia,Merci.Alisia@yopmail.com,Merci.Alisia@gmail.com,police officer
802,Kayla,Reneta,Kayla.Reneta@yopmail.com,Kayla.Reneta@gmail.com,firefighter
803,Roberta,Rese,Roberta.Rese@yopmail.com,Roberta.Rese@gmail.com,firefighter
804,Alleen,Dermott,Alleen.Dermott@yopmail.com,Alleen.Dermott@gmail.com,doctor
805,Leanna,Dawkins,Leanna.Dawkins@yopmail.com,Leanna.Dawkins@gmail.com,worker
806,Blinni,Margret,Blinni.Margret@yopmail.com,Blinni.Margret@gmail.com,developer
807,Vinita,Hachmin,Vinita.Hachmin@yopmail.com,Vinita.Hachmin@gmail.com,doctor
808,Susette,Pulsifer,Susette.Pulsifer@yopmail.com,Susette.Pulsifer@gmail.com,doctor
809,Bertine,Karl,Bertine.Karl@yopmail.com,Bertine.Karl@gmail.com,firefighter
810,Aaren,Nedrud,Aaren.Nedrud@yopmail.com,Aaren.Nedrud@gmail.com,police officer
811,Bibby,Campball,Bibby.Campball@yopmail.com,Bibby.Campball@gmail.com,firefighter
812,Goldie,Barrus,Goldie.Barrus@yopmail.com,Goldie.Barrus@gmail.com,doctor
813,Tatiania,Lorenz,Tatiania.Lorenz@yopmail.com,Tatiania.Lorenz@gmail.com,developer
814,Odessa,Christine,Odessa.Christine@yopmail.com,Odessa.Christine@gmail.com,doctor
815,Yetty,Holbrook,Yetty.Holbrook@yopmail.com,Yetty.Holbrook@gmail.com,police officer
816,Jany,Burch,Jany.Burch@yopmail.com,Jany.Burch@gmail.com,developer
817,Zondra,Kimmie,Zondra.Kimmie@yopmail.com,Zondra.Kimmie@gmail.com,worker
818,Nessie,Bivins,Nessie.Bivins@yopmail.com,Nessie.Bivins@gmail.com,police officer
819,Jennica,Fancie,Jennica.Fancie@yopmail.com,Jennica.Fancie@gmail.com,doctor
820,Kirbee,Land,Kirbee.Land@yopmail.com,Kirbee.Land@gmail.com,firefighter
821,Clementine,Francene,Clementine.Francene@yopmail.com,Clementine.Francene@gmail.com,police officer
822,Dale,Judye,Dale.Judye@yopmail.com,Dale.Judye@gmail.com,worker
823,Aigneis,Swigart,Aigneis.Swigart@yopmail.com,Aigneis.Swigart@gmail.com,worker
824,Brianna,Ruvolo,Brianna.Ruvolo@yopmail.com,Brianna.Ruvolo@gmail.com,worker
825,Lynnea,Fulmer,Lynnea.Fulmer@yopmail.com,Lynnea.Fulmer@gmail.com,firefighter
826,Cherrita,Felecia,Cherrita.Felecia@yopmail.com,Cherrita.Felecia@gmail.com,developer
827,Hope,Hanshaw,Hope.Hanshaw@yopmail.com,Hope.Hanshaw@gmail.com,firefighter
828,Roseline,Delp,Roseline.Delp@yopmail.com,Roseline.Delp@gmail.com,police officer
829,Jaclyn,Vittoria,Jaclyn.Vittoria@yopmail.com,Jaclyn.Vittoria@gmail.com,doctor
830,Carolina,Ashok,Carolina.Ashok@yopmail.com,Carolina.Ashok@gmail.com,doctor
831,Mara,Hachmin,Mara.Hachmin@yopmail.com,Mara.Hachmin@gmail.com,worker
832,Merci,Calhoun,Merci.Calhoun@yopmail.com,Merci.Calhoun@gmail.com,firefighter
833,Averyl,Caitlin,Averyl.Caitlin@yopmail.com,Averyl.Caitlin@gmail.com,worker
834,Ingrid,Norvol,Ingrid.Norvol@yopmail.com,Ingrid.Norvol@gmail.com,developer
835,Starla,Noam,Starla.Noam@yopmail.com,Starla.Noam@gmail.com,doctor
836,Damaris,Jalbert,Damaris.Jalbert@yopmail.com,Damaris.Jalbert@gmail.com,developer
837,Mallory,Yusuk,Mallory.Yusuk@yopmail.com,Mallory.Yusuk@gmail.com,firefighter
838,Jacquetta,Mathilde,Jacquetta.Mathilde@yopmail.com,Jacquetta.Mathilde@gmail.com,doctor
839,Cordi,Peonir,Cordi.Peonir@yopmail.com,Cordi.Peonir@gmail.com,police officer
840,Madelle,Eiser,Madelle.Eiser@yopmail.com,Madelle.Eiser@gmail.com,police officer
841,Raf,Odell,Raf.Odell@yopmail.com,Raf.Odell@gmail.com,worker
842,Joelly,Tound,Joelly.Tound@yopmail.com,Joelly.Tound@gmail.com,firefighter
843,Corly,Huggins,Corly.Huggins@yopmail.com,Corly.Huggins@gmail.com,developer
844,Jenilee,Faust,Jenilee.Faust@yopmail.com,Jenilee.Faust@gmail.com,police officer
845,Odessa,Aloise,Odessa.Aloise@yopmail.com,Odessa.Aloise@gmail.com,worker
846,Lucy,Cyrie,Lucy.Cyrie@yopmail.com,Lucy.Cyrie@gmail.com,police officer
847,Shaine,Fleeta,Shaine.Fleeta@yopmail.com,Shaine.Fleeta@gmail.com,worker
848,Joceline,Gavrila,Joceline.Gavrila@yopmail.com,Joceline.Gavrila@gmail.com,firefighter
849,Georgina,Schwejda,Georgina.Schwejda@yopmail.com,Georgina.Schwejda@gmail.com,worker
850,Evaleen,Zenas,Evaleen.Zenas@yopmail.com,Evaleen.Zenas@gmail.com,police officer
851,Chandra,Georas,Chandra.Georas@yopmail.com,Chandra.Georas@gmail.com,doctor
852,Phylis,Elvyn,Phylis.Elvyn@yopmail.com,Phylis.Elvyn@gmail.com,worker
853,Wileen,Lory,Wileen.Lory@yopmail.com,Wileen.Lory@gmail.com,doctor
854,Darlleen,Shirberg,Darlleen.Shirberg@yopmail.com,Darlleen.Shirberg@gmail.com,worker
855,Phedra,Lareena,Phedra.Lareena@yopmail.com,Phedra.Lareena@gmail.com,developer
856,Sherrie,Abernon,Sherrie.Abernon@yopmail.com,Sherrie.Abernon@gmail.com,firefighter
857,Tabbatha,Zitvaa,Tabbatha.Zitvaa@yopmail.com,Tabbatha.Zitvaa@gmail.com,worker
858,Gilda,Codding,Gilda.Codding@yopmail.com,Gilda.Codding@gmail.com,developer
859,Heddie,Narton,Heddie.Narton@yopmail.com,Heddie.Narton@gmail.com,worker
860,Maurene,Klotz,Maurene.Klotz@yopmail.com,Maurene.Klotz@gmail.com,police officer
861,Atlanta,Lanita,Atlanta.Lanita@yopmail.com,Atlanta.Lanita@gmail.com,firefighter
862,Cam,Breed,Cam.Breed@yopmail.com,Cam.Breed@gmail.com,doctor
863,Sherrie,Magnolia,Sherrie.Magnolia@yopmail.com,Sherrie.Magnolia@gmail.com,firefighter
864,Frank,Zenas,Frank.Zenas@yopmail.com,Frank.Zenas@gmail.com,doctor
865,Jeanna,Gale,Jeanna.Gale@yopmail.com,Jeanna.Gale@gmail.com,worker
866,Sue,An,Sue.An@yopmail.com,Sue.An@gmail.com,developer
867,Yvonne,Papageno,Yvonne.Papageno@yopmail.com,Yvonne.Papageno@gmail.com,firefighter
868,Dione,Hathaway,Dione.Hathaway@yopmail.com,Dione.Hathaway@gmail.com,doctor
869,Edith,Capello,Edith.Capello@yopmail.com,Edith.Capello@gmail.com,firefighter
870,Nonnah,Kress,Nonnah.Kress@yopmail.com,Nonnah.Kress@gmail.com,worker
871,Marika,Robertson,Marika.Robertson@yopmail.com,Marika.Robertson@gmail.com,worker
872,Ann-Marie,Katrine,Ann-Marie.Katrine@yopmail.com,Ann-Marie.Katrine@gmail.com,doctor
873,Cathyleen,Craggie,Cathyleen.Craggie@yopmail.com,Cathyleen.Craggie@gmail.com,police officer
874,Jordan,Trinetta,Jordan.Trinetta@yopmail.com,Jordan.Trinetta@gmail.com,doctor
875,Averyl,Weide,Averyl.Weide@yopmail.com,Averyl.Weide@gmail.com,firefighter
876,Candy,Darbie,Candy.Darbie@yopmail.com,Candy.Darbie@gmail.com,developer
877,Eve,Alabaster,Eve.Alabaster@yopmail.com,Eve.Alabaster@gmail.com,police officer
878,Lauryn,Even,Lauryn.Even@yopmail.com,Lauryn.Even@gmail.com,doctor
879,Barbara,Fosque,Barbara.Fosque@yopmail.com,Barbara.Fosque@gmail.com,firefighter
880,Morganica,Verger,Morganica.Verger@yopmail.com,Morganica.Verger@gmail.com,developer
881,Chloris,Jobi,Chloris.Jobi@yopmail.com,Chloris.Jobi@gmail.com,doctor
882,Zondra,Pyle,Zondra.Pyle@yopmail.com,Zondra.Pyle@gmail.com,police officer
883,Abbie,Nicoline,Abbie.Nicoline@yopmail.com,Abbie.Nicoline@gmail.com,police officer
884,Jorry,Behre,Jorry.Behre@yopmail.com,Jorry.Behre@gmail.com,doctor
885,Valli,Nea,Valli.Nea@yopmail.com,Valli.Nea@gmail.com,police officer
886,Oona,Love,Oona.Love@yopmail.com,Oona.Love@gmail.com,police officer
887,Florie,Myrilla,Florie.Myrilla@yopmail.com,Florie.Myrilla@gmail.com,worker
888,Edee,Meter,Edee.Meter@yopmail.com,Edee.Meter@gmail.com,developer
889,Karly,Fadiman,Karly.Fadiman@yopmail.com,Karly.Fadiman@gmail.com,developer
890,Corina,Brodench,Corina.Brodench@yopmail.com,Corina.Brodench@gmail.com,worker
891,Noelle,Wind,Noelle.Wind@yopmail.com,Noelle.Wind@gmail.com,developer
892,Marleah,Natalia,Marleah.Natalia@yopmail.com,Marleah.Natalia@gmail.com,developer
893,Madeleine,Artie,Madeleine.Artie@yopmail.com,Madeleine.Artie@gmail.com,developer
894,Kaia,Ader,Kaia.Ader@yopmail.com,Kaia.Ader@gmail.com,firefighter
895,Elvira,Markman,Elvira.Markman@yopmail.com,Elvira.Markman@gmail.com,police officer
896,Stacey,Kellby,Stacey.Kellby@yopmail.com,Stacey.Kellby@gmail.com,worker
897,Ardenia,Bashemeth,Ardenia.Bashemeth@yopmail.com,Ardenia.Bashemeth@gmail.com,worker
898,Darlleen,Lewes,Darlleen.Lewes@yopmail.com,Darlleen.Lewes@gmail.com,firefighter
899,Orsola,Larochelle,Orsola.Larochelle@yopmail.com,Orsola.Larochelle@gmail.com,worker
900,Ronna,Guthrie,Ronna.Guthrie@yopmail.com,Ronna.Guthrie@gmail.com,doctor
901,Ann-Marie,Skurnik,Ann-Marie.Skurnik@yopmail.com,Ann-Marie.Skurnik@gmail.com,doctor
902,Roberta,Goldina,Roberta.Goldina@yopmail.com,Roberta.Goldina@gmail.com,developer
903,Eve,Stefa,Eve.Stefa@yopmail.com,Eve.Stefa@gmail.com,doctor
904,Arabel,Vilma,Arabel.Vilma@yopmail.com,Arabel.Vilma@gmail.com,worker
905,Jinny,Fabiola,Jinny.Fabiola@yopmail.com,Jinny.Fabiola@gmail.com,police officer
906,Jeanna,Anton,Jeanna.Anton@yopmail.com,Jeanna.Anton@gmail.com,developer
907,Nadine,Narton,Nadine.Narton@yopmail.com,Nadine.Narton@gmail.com,worker
908,Shirlee,Hepsibah,Shirlee.Hepsibah@yopmail.com,Shirlee.Hepsibah@gmail.com,worker
909,Rhoda,Weitman,Rhoda.Weitman@yopmail.com,Rhoda.Weitman@gmail.com,worker
910,Melisent,Morehouse,Melisent.Morehouse@yopmail.com,Melisent.Morehouse@gmail.com,developer
911,Corry,Halla,Corry.Halla@yopmail.com,Corry.Halla@gmail.com,worker
912,Tiffie,Si,Tiffie.Si@yopmail.com,Tiffie.Si@gmail.com,firefighter
913,Sonni,Wyn,Sonni.Wyn@yopmail.com,Sonni.Wyn@gmail.com,police officer
914,Konstance,Vacuva,Konstance.Vacuva@yopmail.com,Konstance.Vacuva@gmail.com,developer
915,Elora,Fink,Elora.Fink@yopmail.com,Elora.Fink@gmail.com,firefighter
916,Rivalee,Marden,Rivalee.Marden@yopmail.com,Rivalee.Marden@gmail.com,doctor
917,Madeleine,Destinee,Madeleine.Destinee@yopmail.com,Madeleine.Destinee@gmail.com,doctor
918,Theodora,Bettine,Theodora.Bettine@yopmail.com,Theodora.Bettine@gmail.com,police officer
919,Roberta,Wu,Roberta.Wu@yopmail.com,Roberta.Wu@gmail.com,worker
920,Clary,Aida,Clary.Aida@yopmail.com,Clary.Aida@gmail.com,firefighter
921,Fina,Maroney,Fina.Maroney@yopmail.com,Fina.Maroney@gmail.com,developer
922,Vevay,Bari,Vevay.Bari@yopmail.com,Vevay.Bari@gmail.com,developer
923,Harmonia,Dowski,Harmonia.Dowski@yopmail.com,Harmonia.Dowski@gmail.com,doctor
924,Shaine,Johanna,Shaine.Johanna@yopmail.com,Shaine.Johanna@gmail.com,developer
925,Jany,Genna,Jany.Genna@yopmail.com,Jany.Genna@gmail.com,police officer
926,Maridel,Tamsky,Maridel.Tamsky@yopmail.com,Maridel.Tamsky@gmail.com,doctor
927,Rori,Juliet,Rori.Juliet@yopmail.com,Rori.Juliet@gmail.com,firefighter
928,Ingrid,Fry,Ingrid.Fry@yopmail.com,Ingrid.Fry@gmail.com,police officer
929,Trixi,Quent,Trixi.Quent@yopmail.com,Trixi.Quent@gmail.com,firefighter
930,Jean,Cloris,Jean.Cloris@yopmail.com,Jean.Cloris@gmail.com,police officer
931,Lelah,Hewitt,Lelah.Hewitt@yopmail.com,Lelah.Hewitt@gmail.com,developer
932,Di,Granoff,Di.Granoff@yopmail.com,Di.Granoff@gmail.com,worker
933,Yetty,Fredi,Yetty.Fredi@yopmail.com,Yetty.Fredi@gmail.com,doctor
934,Zia,Orelee,Zia.Orelee@yopmail.com,Zia.Orelee@gmail.com,worker
935,Merci,Pearse,Merci.Pearse@yopmail.com,Merci.Pearse@gmail.com,firefighter
936,Basia,O'Rourke,Basia.O'Rourke@yopmail.com,Basia.O'Rourke@gmail.com,police officer
937,Drucie,Orlene,Drucie.Orlene@yopmail.com,Drucie.Orlene@gmail.com,developer
938,Ezmeralda,Flyn,Ezmeralda.Flyn@yopmail.com,Ezmeralda.Flyn@gmail.com,police officer
939,Merrie,Henebry,Merrie.Henebry@yopmail.com,Merrie.Henebry@gmail.com,doctor
940,Angelique,Ietta,Angelique.Ietta@yopmail.com,Angelique.Ietta@gmail.com,police officer
941,Patricia,Sothena,Patricia.Sothena@yopmail.com,Patricia.Sothena@gmail.com,worker
942,Oralee,Drisko,Oralee.Drisko@yopmail.com,Oralee.Drisko@gmail.com,developer
943,Regina,Tamar,Regina.Tamar@yopmail.com,Regina.Tamar@gmail.com,developer
944,Fawne,Jaylene,Fawne.Jaylene@yopmail.com,Fawne.Jaylene@gmail.com,doctor
945,Violet,Munn,Violet.Munn@yopmail.com,Violet.Munn@gmail.com,police officer
946,Violet,Yorick,Violet.Yorick@yopmail.com,Violet.Yorick@gmail.com,police officer
947,Hayley,Peonir,Hayley.Peonir@yopmail.com,Hayley.Peonir@gmail.com,police officer
948,Alex,Sidonius,Alex.Sidonius@yopmail.com,Alex.Sidonius@gmail.com,worker
949,Donnie,Chrystel,Donnie.Chrystel@yopmail.com,Donnie.Chrystel@gmail.com,worker
950,Kial,Riva,Kial.Riva@yopmail.com,Kial.Riva@gmail.com,police officer
951,Dorthy,Haerr,Dorthy.Haerr@yopmail.com,Dorthy.Haerr@gmail.com,police officer
952,Iseabal,Colyer,Iseabal.Colyer@yopmail.com,Iseabal.Colyer@gmail.com,police officer
953,Ernesta,Sprage,Ernesta.Sprage@yopmail.com,Ernesta.Sprage@gmail.com,developer
954,Jennica,Berl,Jennica.Berl@yopmail.com,Jennica.Berl@gmail.com,police officer
955,Fredericka,Brian,Fredericka.Brian@yopmail.com,Fredericka.Brian@gmail.com,worker
956,Mary,Minetta,Mary.Minetta@yopmail.com,Mary.Minetta@gmail.com,worker
957,Steffane,Baudin,Steffane.Baudin@yopmail.com,Steffane.Baudin@gmail.com,doctor
958,Pamella,Firmin,Pamella.Firmin@yopmail.com,Pamella.Firmin@gmail.com,developer
959,Chandra,Darrell,Chandra.Darrell@yopmail.com,Chandra.Darrell@gmail.com,doctor
960,Esmeralda,My,Esmeralda.My@yopmail.com,Esmeralda.My@gmail.com,police officer
961,Florencia,Laverne,Florencia.Laverne@yopmail.com,Florencia.Laverne@gmail.com,developer
962,Katleen,Ardra,Katleen.Ardra@yopmail.com,Katleen.Ardra@gmail.com,firefighter
963,Agnese,Suk,Agnese.Suk@yopmail.com,Agnese.Suk@gmail.com,worker
964,Dania,Tufts,Dania.Tufts@yopmail.com,Dania.Tufts@gmail.com,doctor
965,Priscilla,Japeth,Priscilla.Japeth@yopmail.com,Priscilla.Japeth@gmail.com,police officer
966,Suzette,Croix,Suzette.Croix@yopmail.com,Suzette.Croix@gmail.com,doctor
967,Cindelyn,Martguerita,Cindelyn.Martguerita@yopmail.com,Cindelyn.Martguerita@gmail.com,firefighter
968,Frances,Clie,Frances.Clie@yopmail.com,Frances.Clie@gmail.com,developer
969,Barbara,Tillford,Barbara.Tillford@yopmail.com,Barbara.Tillford@gmail.com,worker
970,Chastity,Joachim,Chastity.Joachim@yopmail.com,Chastity.Joachim@gmail.com,police officer
971,Tressa,Flyn,Tressa.Flyn@yopmail.com,Tressa.Flyn@gmail.com,police officer
972,Tani,Adalbert,Tani.Adalbert@yopmail.com,Tani.Adalbert@gmail.com,police officer
973,Rochette,Marsden,Rochette.Marsden@yopmail.com,Rochette.Marsden@gmail.com,developer
974,Renae,Hashim,Renae.Hashim@yopmail.com,Renae.Hashim@gmail.com,firefighter
975,Rosanne,Mendez,Rosanne.Mendez@yopmail.com,Rosanne.Mendez@gmail.com,firefighter
976,Arlena,Laverne,Arlena.Laverne@yopmail.com,Arlena.Laverne@gmail.com,worker
977,Ira,Lunsford,Ira.Lunsford@yopmail.com,Ira.Lunsford@gmail.com,doctor
978,Inga,Atcliffe,Inga.Atcliffe@yopmail.com,Inga.Atcliffe@gmail.com,doctor
979,Carol-Jean,Blake,Carol-Jean.Blake@yopmail.com,Carol-Jean.Blake@gmail.com,police officer
980,Livvyy,McLaughlin,Livvyy.McLaughlin@yopmail.com,Livvyy.McLaughlin@gmail.com,police officer
981,Jolyn,Cynar,Jolyn.Cynar@yopmail.com,Jolyn.Cynar@gmail.com,developer
982,Trudie,Vharat,Trudie.Vharat@yopmail.com,Trudie.Vharat@gmail.com,worker
983,Brianna,Jacqui,Brianna.Jacqui@yopmail.com,Brianna.Jacqui@gmail.com,worker
984,Gerrie,Philoo,Gerrie.Philoo@yopmail.com,Gerrie.Philoo@gmail.com,developer
985,Genevra,Gavrila,Genevra.Gavrila@yopmail.com,Genevra.Gavrila@gmail.com,firefighter
986,Albertina,Auberbach,Albertina.Auberbach@yopmail.com,Albertina.Auberbach@gmail.com,developer
987,Tybie,Codding,Tybie.Codding@yopmail.com,Tybie.Codding@gmail.com,doctor
988,Nikki,Timon,Nikki.Timon@yopmail.com,Nikki.Timon@gmail.com,police officer
989,Steffane,Sacken,Steffane.Sacken@yopmail.com,Steffane.Sacken@gmail.com,doctor
990,Ariela,Hurley,Ariela.Hurley@yopmail.com,Ariela.Hurley@gmail.com,firefighter
991,Candy,Gunn,Candy.Gunn@yopmail.com,Candy.Gunn@gmail.com,developer
992,Carmencita,Holbrook,Carmencita.Holbrook@yopmail.com,Carmencita.Holbrook@gmail.com,developer
993,Maryellen,Mendez,Maryellen.Mendez@yopmail.com,Maryellen.Mendez@gmail.com,doctor
994,Wilma,Dorothy,Wilma.Dorothy@yopmail.com,Wilma.Dorothy@gmail.com,worker
995,Briney,Gualtiero,Briney.Gualtiero@yopmail.com,Briney.Gualtiero@gmail.com,police officer
996,Melina,Jarib,Melina.Jarib@yopmail.com,Melina.Jarib@gmail.com,doctor
997,Dyann,Jacobah,Dyann.Jacobah@yopmail.com,Dyann.Jacobah@gmail.com,worker
998,Cissiee,Jaylene,Cissiee.Jaylene@yopmail.com,Cissiee.Jaylene@gmail.com,doctor
999,Kimberley,Dawkins,Kimberley.Dawkins@yopmail.com,Kimberley.Dawkins@gmail.com,police officer
1000,Heida,Seumas,Heida.Seumas@yopmail.com,Heida.Seumas@gmail.com,firefighter
1001,Arabel,Bow,Arabel.Bow@yopmail.com,Arabel.Bow@gmail.com,worker
1002,Stacey,Amasa,Stacey.Amasa@yopmail.com,Stacey.Amasa@gmail.com,developer
1003,Tiffie,August,Tiffie.August@yopmail.com,Tiffie.August@gmail.com,firefighter
1004,Kirstin,Aida,Kirstin.Aida@yopmail.com,Kirstin.Aida@gmail.com,doctor
1005,Gisela,Poll,Gisela.Poll@yopmail.com,Gisela.Poll@gmail.com,doctor
1006,Kate,Stefa,Kate.Stefa@yopmail.com,Kate.Stefa@gmail.com,police officer
1007,Anestassia,Zuzana,Anestassia.Zuzana@yopmail.com,Anestassia.Zuzana@gmail.com,doctor
1008,Lulita,Sheedy,Lulita.Sheedy@yopmail.com,Lulita.Sheedy@gmail.com,worker
1009,Melisent,Gordon,Melisent.Gordon@yopmail.com,Melisent.Gordon@gmail.com,worker
1010,Dale,Brenn,Dale.Brenn@yopmail.com,Dale.Brenn@gmail.com,doctor
1011,Cyndie,Pacorro,Cyndie.Pacorro@yopmail.com,Cyndie.Pacorro@gmail.com,worker
1012,Sashenka,Norvol,Sashenka.Norvol@yopmail.com,Sashenka.Norvol@gmail.com,doctor
1013,Fanchon,Mehalek,Fanchon.Mehalek@yopmail.com,Fanchon.Mehalek@gmail.com,developer
1014,Alejandra,Lesley,Alejandra.Lesley@yopmail.com,Alejandra.Lesley@gmail.com,firefighter
1015,Fawne,Oster,Fawne.Oster@yopmail.com,Fawne.Oster@gmail.com,police officer
1016,Maye,Brunell,Maye.Brunell@yopmail.com,Maye.Brunell@gmail.com,developer
1017,Fanny,Azeria,Fanny.Azeria@yopmail.com,Fanny.Azeria@gmail.com,worker
1018,Adelle,Hailee,Adelle.Hailee@yopmail.com,Adelle.Hailee@gmail.com,developer
1019,Jany,Deegan,Jany.Deegan@yopmail.com,Jany.Deegan@gmail.com,doctor
1020,Donetta,Mitzi,Donetta.Mitzi@yopmail.com,Donetta.Mitzi@gmail.com,firefighter
1021,Margette,Susannah,Margette.Susannah@yopmail.com,Margette.Susannah@gmail.com,worker
1022,Marcy,Colleen,Marcy.Colleen@yopmail.com,Marcy.Colleen@gmail.com,firefighter
1023,Annice,Briney,Annice.Briney@yopmail.com,Annice.Briney@gmail.com,firefighter
1024,Eadie,Melleta,Eadie.Melleta@yopmail.com,Eadie.Melleta@gmail.com,firefighter
1025,Catrina,Winnick,Catrina.Winnick@yopmail.com,Catrina.Winnick@gmail.com,firefighter
1026,Imojean,Meter,Imojean.Meter@yopmail.com,Imojean.Meter@gmail.com,firefighter
1027,Pamella,Poppy,Pamella.Poppy@yopmail.com,Pamella.Poppy@gmail.com,worker
1028,Hyacinthe,Halsey,Hyacinthe.Halsey@yopmail.com,Hyacinthe.Halsey@gmail.com,worker
1029,Rayna,Mathilde,Rayna.Mathilde@yopmail.com,Rayna.Mathilde@gmail.com,firefighter
1030,Cam,Sabella,Cam.Sabella@yopmail.com,Cam.Sabella@gmail.com,developer
1031,Jessy,Louanna,Jessy.Louanna@yopmail.com,Jessy.Louanna@gmail.com,developer
1032,Alie,Kellby,Alie.Kellby@yopmail.com,Alie.Kellby@gmail.com,police officer
1033,Kittie,Rillings,Kittie.Rillings@yopmail.com,Kittie.Rillings@gmail.com,firefighter
1034,Neila,Giule,Neila.Giule@yopmail.com,Neila.Giule@gmail.com,doctor
1035,Norine,Sinegold,Norine.Sinegold@yopmail.com,Norine.Sinegold@gmail.com,doctor
1036,Tracey,Pierette,Tracey.Pierette@yopmail.com,Tracey.Pierette@gmail.com,firefighter
1037,Lusa,Ackerley,Lusa.Ackerley@yopmail.com,Lusa.Ackerley@gmail.com,firefighter
1038,Ginnie,Berl,Ginnie.Berl@yopmail.com,Ginnie.Berl@gmail.com,developer
1039,Eolanda,Velick,Eolanda.Velick@yopmail.com,Eolanda.Velick@gmail.com,firefighter
1040,Jenda,Gladstone,Jenda.Gladstone@yopmail.com,Jenda.Gladstone@gmail.com,police officer
1041,Marti,Breed,Marti.Breed@yopmail.com,Marti.Breed@gmail.com,developer
1042,Sashenka,Lanita,Sashenka.Lanita@yopmail.com,Sashenka.Lanita@gmail.com,developer
1043,Albertina,Tamar,Albertina.Tamar@yopmail.com,Albertina.Tamar@gmail.com,firefighter
1044,Grier,Yam,Grier.Yam@yopmail.com,Grier.Yam@gmail.com,worker
1045,Ronna,Trey,Ronna.Trey@yopmail.com,Ronna.Trey@gmail.com,firefighter
1046,Dorene,Elisha,Dorene.Elisha@yopmail.com,Dorene.Elisha@gmail.com,doctor
1047,Dorice,Stanwood,Dorice.Stanwood@yopmail.com,Dorice.Stanwood@gmail.com,doctor
1048,Delilah,Wooster,Delilah.Wooster@yopmail.com,Delilah.Wooster@gmail.com,doctor
1049,Fredericka,Clara,Fredericka.Clara@yopmail.com,Fredericka.Clara@gmail.com,worker
1050,Hallie,Karl,Hallie.Karl@yopmail.com,Hallie.Karl@gmail.com,police officer
1051,Ariela,Boehike,Ariela.Boehike@yopmail.com,Ariela.Boehike@gmail.com,police officer
1052,Emilia,Crudden,Emilia.Crudden@yopmail.com,Emilia.Crudden@gmail.com,worker
1053,Alia,Concha,Alia.Concha@yopmail.com,Alia.Concha@gmail.com,developer
1054,Sissy,Guildroy,Sissy.Guildroy@yopmail.com,Sissy.Guildroy@gmail.com,firefighter
1055,Roz,Francene,Roz.Francene@yopmail.com,Roz.Francene@gmail.com,developer
1056,Brena,Fiann,Brena.Fiann@yopmail.com,Brena.Fiann@gmail.com,firefighter
1057,Elie,Ingra,Elie.Ingra@yopmail.com,Elie.Ingra@gmail.com,worker
1058,Ellette,Longfellow,Ellette.Longfellow@yopmail.com,Ellette.Longfellow@gmail.com,police officer
1059,Sheelagh,Gaal,Sheelagh.Gaal@yopmail.com,Sheelagh.Gaal@gmail.com,police officer
1060,Belva,Arathorn,Belva.Arathorn@yopmail.com,Belva.Arathorn@gmail.com,doctor
1061,Stevana,Lucienne,Stevana.Lucienne@yopmail.com,Stevana.Lucienne@gmail.com,worker
1062,Estell,Clarissa,Estell.Clarissa@yopmail.com,Estell.Clarissa@gmail.com,worker
1063,Lucy,Remmer,Lucy.Remmer@yopmail.com,Lucy.Remmer@gmail.com,doctor
1064,Jessy,Love,Jessy.Love@yopmail.com,Jessy.Love@gmail.com,police officer
1065,Jobi,Fabiola,Jobi.Fabiola@yopmail.com,Jobi.Fabiola@gmail.com,firefighter
1066,Wendi,Marcellus,Wendi.Marcellus@yopmail.com,Wendi.Marcellus@gmail.com,developer
1067,Oona,Borrell,Oona.Borrell@yopmail.com,Oona.Borrell@gmail.com,worker
1068,Ninnetta,Boycey,Ninnetta.Boycey@yopmail.com,Ninnetta.Boycey@gmail.com,developer
1069,Cyb,Sophronia,Cyb.Sophronia@yopmail.com,Cyb.Sophronia@gmail.com,worker
1070,Marylou,Revkah,Marylou.Revkah@yopmail.com,Marylou.Revkah@gmail.com,developer
1071,Gretal,Si,Gretal.Si@yopmail.com,Gretal.Si@gmail.com,worker
1072,Helena,Lumbard,Helena.Lumbard@yopmail.com,Helena.Lumbard@gmail.com,worker
1073,Brynna,Fadiman,Brynna.Fadiman@yopmail.com,Brynna.Fadiman@gmail.com,doctor
1074,Edyth,Philoo,Edyth.Philoo@yopmail.com,Edyth.Philoo@gmail.com,doctor
1075,Gusella,Eldrid,Gusella.Eldrid@yopmail.com,Gusella.Eldrid@gmail.com,police officer
1076,Damaris,Faust,Damaris.Faust@yopmail.com,Damaris.Faust@gmail.com,worker
1077,Jenilee,Toni,Jenilee.Toni@yopmail.com,Jenilee.Toni@gmail.com,developer
1078,Tani,Shuler,Tani.Shuler@yopmail.com,Tani.Shuler@gmail.com,firefighter
1079,Jan,Wareing,Jan.Wareing@yopmail.com,Jan.Wareing@gmail.com,police officer
1080,Adriana,Warthman,Adriana.Warthman@yopmail.com,Adriana.Warthman@gmail.com,doctor
1081,Jolyn,Astra,Jolyn.Astra@yopmail.com,Jolyn.Astra@gmail.com,police officer
1082,Wileen,Deny,Wileen.Deny@yopmail.com,Wileen.Deny@gmail.com,police officer
1083,Jessy,Pauly,Jessy.Pauly@yopmail.com,Jessy.Pauly@gmail.com,police officer
1084,Mireielle,Goddard,Mireielle.Goddard@yopmail.com,Mireielle.Goddard@gmail.com,doctor
1085,Trixi,Earlie,Trixi.Earlie@yopmail.com,Trixi.Earlie@gmail.com,developer
1086,Randa,Carvey,Randa.Carvey@yopmail.com,Randa.Carvey@gmail.com,police officer
1087,Briney,Modie,Briney.Modie@yopmail.com,Briney.Modie@gmail.com,doctor
1088,Dorthy,Kalinda,Dorthy.Kalinda@yopmail.com,Dorthy.Kalinda@gmail.com,doctor
1089,Rori,Garek,Rori.Garek@yopmail.com,Rori.Garek@gmail.com,police officer
1090,Bill,Chesna,Bill.Chesna@yopmail.com,Bill.Chesna@gmail.com,worker
1091,Melodie,Kirstin,Melodie.Kirstin@yopmail.com,Melodie.Kirstin@gmail.com,police officer
1092,Ana,Fillbert,Ana.Fillbert@yopmail.com,Ana.Fillbert@gmail.com,worker
1093,Judy,Wandie,Judy.Wandie@yopmail.com,Judy.Wandie@gmail.com,doctor
1094,Bernardine,Phyllis,Bernardine.Phyllis@yopmail.com,Bernardine.Phyllis@gmail.com,developer
1095,Madalyn,Azeria,Madalyn.Azeria@yopmail.com,Madalyn.Azeria@gmail.com,doctor
1096,Randa,Gaspard,Randa.Gaspard@yopmail.com,Randa.Gaspard@gmail.com,worker
1097,Elbertina,Meter,Elbertina.Meter@yopmail.com,Elbertina.Meter@gmail.com,police officer
1098,Alyssa,Croix,Alyssa.Croix@yopmail.com,Alyssa.Croix@gmail.com,worker
1099,Norine,Jorgan,Norine.Jorgan@yopmail.com,Norine.Jorgan@gmail.com,firefighter