id,firstname,lastname,email,email2,profession
100,Anica,Lemuela,Anica.Lemuela@yopmail.com,Anica.Lemuela@gmail.com,worker
101,Joane,Middleton,Joane.Middleton@yopmail.com,Joane.Middleton@gmail.com,firefighter
102,Shandie,Goerke,Shandie.Goerke@yopmail.com,Shandie.Goerke@gmail.com,firefighter
103,Roslyn,Gaynor,Roslyn.Gaynor@yopmail.com,Roslyn.Gaynor@gmail.com,firefighter
104,Clary,Kirstin,Clary.Kirstin@yopmail.com,Clary.Kirstin@gmail.com,developer
105,Vevay,Rosette,Vevay.Rosette@yopmail.com,Vevay.Rosette@gmail.com,doctor
106,Delilah,Warthman,Delilah.Warthman@yopmail.com,Delilah.Warthman@gmail.com,doctor
107,Paola,Mandler,Paola.Mandler@yopmail.com,Paola.Mandler@gmail.com,police officer
108,Anica,Obed,Anica.Obed@yopmail.com,Anica.Obed@gmail.com,police officer
109,Brooks,Afton,Brooks.Afton@yopmail.com,Brooks.Afton@gmail.com,developer
110,Hettie,Sawtelle,Hettie.Sawtelle@yopmail.com,Hettie.Sawtelle@gmail.com,developer
111,Jsandye,Reinke,Jsandye.Reinke@yopmail.com,Jsandye.Reinke@gmail.com,developer
112,Ricky,Flita,Ricky.Flita@yopmail.com,Ricky.Flita@gmail.com,firefighter
113,Lyssa,Quent,Lyssa.Quent@yopmail.com,Lyssa.Quent@gmail.com,worker
114,Veda,Lacombe,Veda.Lacombe@yopmail.com,Veda.Lacombe@gmail.com,developer
115,Paola,Norvol,Paola.Norvol@yopmail.com,Paola.Norvol@gmail.com,police officer
116,Heddie,Milde,Heddie.Milde@yopmail.com,Heddie.Milde@gmail.com,police officer
117,Helsa,Elephus,Helsa.Elephus@yopmail.com,Helsa.Elephus@gmail.com,firefighter
118,Meg,Alice,Meg.Alice@yopmail.com,Meg.Alice@gmail.com,doctor
119,Raquela,Rodmann,Raquela.Rodmann@yopmail.com,Raquela.Rodmann@gmail.com,developer
120,Alleen,Percy,Alleen.Percy@yopmail.com,Alleen.Percy@gmail.com,police officer
121,Noelle,Reidar,Noelle.Reidar@yopmail.com,Noelle.Reidar@gmail.com,worker
122,Gloria,Ailyn,Gloria.Ailyn@yopmail.com,Gloria.Ailyn@gmail.com,worker
123,Magdalena,Halla,Magdalena.Halla@yopmail.com,Magdalena.Halla@gmail.com,police officer
124,Siana,Bertold,Siana.Bertold@yopmail.com,Siana.Bertold@gmail.com,firefighter
125,Caryl,Tengdin,Caryl.Tengdin@yopmail.com,Caryl.Tengdin@gmail.com,worker
126,Mariele,Krystle,Mariele.Krystle@yopmail.com,Mariele.Krystle@gmail.com,developer
127,Odessa,Mitzi,Odessa.Mitzi@yopmail.com,Odessa.Mitzi@gmail.com,developer
128,Kristina,Vernier,Kristina.Vernier@yopmail.com,Kristina.Vernier@gmail.com,police officer
129,Magdalena,Henrie,Magdalena.Henrie@yopmail.com,Magdalena.Henrie@gmail.com,doctor
130,Ezmeralda,Wyn,Ezmeralda.Wyn@yopmail.com,Ezmeralda.Wyn@gmail.com,police officer
131,Orelia,Dom,Orelia.Dom@yopmail.com,Orelia.Dom@gmail.com,doctor
132,Joleen,Haymes,Joleen.Haymes@yopmail.com,Joleen.Haymes@gmail.com,developer
133,Edyth,Whittaker,Edyth.Whittaker@yopmail.com,Edyth.Whittaker@gmail.com,police officer
134,Augustine,Elbertina,Augustine.Elbertina@yopmail.com,Augustine.Elbertina@gmail.com,doctor
135,Leeanne,Tristram,Leeanne.Tristram@yopmail.com,Leeanne.Tristram@gmail.com,developer
136,Antonietta,Maroney,Antonietta.Maroney@yopmail.com,Antonietta.Maroney@gmail.com,developer
137,Max,Konyn,Max.Konyn@yopmail.com,Max.Konyn@gmail.com,worker
138,Iseabal,Kiyoshi,Iseabal.Kiyoshi@yopmail.com,Iseabal.Kiyoshi@gmail.com,doctor
139,Rochette,Donoghue,Rochette.Donoghue@yopmail.com,Rochette.Donoghue@gmail.com,developer
140,Codie,Tamar,Codie.Tamar@yopmail.com,Codie.Tamar@gmail.com,firefighter
141,Elvira,Prouty,Elvira.Prouty@yopmail.com,Elvira.Prouty@gmail.com,developer
142,Natka,Yoko,Natka.Yoko@yopmail.com,Natka.Yoko@gmail.com,police officer
143,Jenda,Gaspard,Jenda.Gaspard@yopmail.com,Jenda.Gaspard@gmail.com,firefighter
144,Allis,Dyche,Allis.Dyche@yopmail.com,Allis.Dyche@gmail.com,police officer
145,Patricia,Albertine,Patricia.Albertine@yopmail.com,Patricia.Albertine@gmail.com,worker
146,Brynna,Lorain,Brynna.Lorain@yopmail.com,Brynna.Lorain@gmail.com,police officer
147,Agnese,Salchunas,Agnese.Salchunas@yopmail.com,Agnese.Salchunas@gmail.com,developer
148,Halette,Zitvaa,Halette.Zitvaa@yopmail.com,Halette.Zitvaa@gmail.com,police officer
149,Felice,Jacobah,Felice.Jacobah@yopmail.com,Felice.Jacobah@gmail.com,firefighter
150,Liana,Radu,Liana.Radu@yopmail.com,Liana.Radu@gmail.com,firefighter
151,Eolanda,Kunin,Eolanda.Kunin@yopmail.com,Eolanda.Kunin@gmail.com,worker
152,Cassondra,Zaslow,Cassondra.Zaslow@yopmail.com,Cassondra.Zaslow@gmail.com,developer
153,Paule,Ciapas,Paule.Ciapas@yopmail.com,Paule.Ciapas@gmail.com,worker
154,Verla,Junie,Verla.Junie@yopmail.com,Verla.Junie@gmail.com,doctor
155,Hayley,Sophronia,Hayley.Sophronia@yopmail.com,Hayley.Sophronia@gmail.com,worker
156,Florencia,Connelly,Florencia.Connelly@yopmail.com,Florencia.Connelly@gmail.com,doctor
157,Kaja,Avi,Kaja.Avi@yopmail.com,Kaja.Avi@gmail.com,worker
158,Lanna,Jaylene,Lanna.Jaylene@yopmail.com,Lanna.Jaylene@gmail.com,worker
159,Aurore,Ingra,Aurore.Ingra@yopmail.com,Aurore.Ingra@gmail.com,doctor
160,Gusty,Schwejda,Gusty.Schwejda@yopmail.com,Gusty.Schwejda@gmail.com,worker
161,Sharlene,Rocray,Sharlene.Rocray@yopmail.com,Sharlene.Rocray@gmail.com,doctor
162,Philis,Vivle,Philis.Vivle@yopmail.com,Philis.Vivle@gmail.com,developer
163,Roslyn,Gibbeon,Roslyn.Gibbeon@yopmail.com,Roslyn.Gibbeon@gmail.com,developer
164,Katleen,Tayib,Katleen.Tayib@yopmail.com,Katleen.Tayib@gmail.com,firefighter
165,Cassondra,Old,Cassondra.Old@yopmail.com,Cassondra.Old@gmail.com,police officer
166,Barbara,Sawtelle,Barbara.Sawtelle@yopmail.com,Barbara.Sawtelle@gmail.com,doctor
167,Kirbee,Eben,Kirbee.Eben@yopmail.com,Kirbee.Eben@gmail.com,police officer
168,Lonnie,Dorine,Lonnie.Dorine@yopmail.com,Lonnie.Dorine@gmail.com,worker
169,Tarra,Wareing,Tarra.Wareing@yopmail.com,Tarra.Wareing@gmail.com,developer
170,Isa,Jefferey,Isa.Jefferey@yopmail.com,Isa.Jefferey@gmail.com,developer
171,Shel,Natica,Shel.Natica@yopmail.com,Shel.Natica@gmail.com,firefighter
172,Jsandye,Pillsbury,Jsandye.Pillsbury@yopmail.com,Jsandye.Pillsbury@gmail.com,firefighter
173,Cordi,Hertzfeld,Cordi.Hertzfeld@yopmail.com,Cordi.Hertzfeld@gmail.com,developer
174,Kimberley,Persse,Kimberley.Persse@yopmail.com,Kimberley.Persse@gmail.com,worker
175,Consuela,Goldina,Consuela.Goldina@yopmail.com,Consuela.Goldina@gmail.com,developer
176,Dolli,Kathie,Dolli.Kathie@yopmail.com,Dolli.Kathie@gmail.com,doctor
177,Jessy,Rosette,Jessy.Rosette@yopmail.com,Jessy.Rosette@gmail.com,worker
178,Frieda,Chrystel,Frieda.Chrystel@yopmail.com,Frieda.Chrystel@gmail.com,doctor
179,Mary,Sacken,Mary.Sacken@yopmail.com,Mary.Sacken@gmail.com,police officer
180,Lonnie,Nore,Lonnie.Nore@yopmail.com,Lonnie.Nore@gmail.com,doctor
181,Meg,Dituri,Meg.Dituri@yopmail.com,Meg.Dituri@gmail.com,police officer
182,Amalie,Margarete,Amalie.Margarete@yopmail.com,Amalie.Margarete@gmail.com,worker
183,Tera,Tamsky,Tera.Tamsky@yopmail.com,Tera.Tamsky@gmail.com,firefighter
184,Paola,Neva,Paola.Neva@yopmail.com,Paola.Neva@gmail.com,worker
185,Vevay,Deny,Vevay.Deny@yopmail.com,Vevay.Deny@gmail.com,police officer
186,Blondelle,Velick,Blondelle.Velick@yopmail.com,Blondelle.Velick@gmail.com,doctor
187,Sarette,Schroth,Sarette.Schroth@yopmail.com,Sarette.Schroth@gmail.com,police officer
188,Adore,Tristram,Adore.Tristram@yopmail.com,Adore.Tristram@gmail.com,firefighter
189,Thalia,Darrell,Thalia.Darrell@yopmail.com,Thalia.Darrell@gmail.com,developer
190,Lita,Mott,Lita.Mott@yopmail.com,Lita.Mott@gmail.com,developer
191,Hannis,Harriman,Hannis.Harriman@yopmail.com,Hannis.Harriman@gmail.com,police officer
192,Mellicent,Merriott,Mellicent.Merriott@yopmail.com,Mellicent.Merriott@gmail.com,worker
193,Fayre,Han,Fayre.Han@yopmail.com,Fayre.Han@gmail.com,firefighter
194,Rosanne,Hebner,Rosanne.Hebner@yopmail.com,Rosanne.Hebner@gmail.com,doctor
195,Rosene,Niccolo,Rosene.Niccolo@yopmail.com,Rosene.Niccolo@gmail.com,firefighter
196,Marylou,Loring,Marylou.Loring@yopmail.com,Marylou.Loring@gmail.com,doctor
197,Tomasina,Shirberg,Tomasina.Shirberg@yopmail.com,Tomasina.Shirberg@gmail.com,worker
198,Dotty,Aloise,Dotty.Aloise@yopmail.com,Dotty.Aloise@gmail.com,worker
199,Karolina,Hoenack,Karolina.Hoenack@yopmail.com,Karolina.Hoenack@gmail.com,developer
200,Jorry,Eno,Jorry.Eno@yopmail.com,Jorry.Eno@gmail.com,firefighter
201,Allyce,Stephie,Allyce.Stephie@yopmail.com,Allyce.Stephie@gmail.com,police officer
202,Ofilia,Ovid,Ofilia.Ovid@yopmail.com,Ofilia.Ovid@gmail.com,worker
203,Cherrita,Jeanne,Cherrita.Jeanne@yopmail.com,Cherrita.Jeanne@gmail.com,developer
204,Deane,Ailyn,Deane.Ailyn@yopmail.com,Deane.Ailyn@gmail.com,worker
205,Rivalee,Shields,Rivalee.Shields@yopmail.com,Rivalee.Shields@gmail.com,police officer
206,Nicoli,Anis,Nicoli.Anis@yopmail.com,Nicoli.Anis@gmail.com,developer
207,Anica,Callista,Anica.Callista@yopmail.com,Anica.Callista@gmail.com,worker
208,Atlanta,Tamsky,Atlanta.Tamsky@yopmail.com,Atlanta.Tamsky@gmail.com,worker
209,Leona,Izaak,Leona.Izaak@yopmail.com,Leona.Izaak@gmail.com,firefighter
210,Letizia,Vary,Letizia.Vary@yopmail.com,Letizia.Vary@gmail.com,developer
211,Rhoda,Erich,Rhoda.Erich@yopmail.com,Rhoda.Erich@gmail.com,firefighter
212,Lily,Alexandr,Lily.Alexandr@yopmail.com,Lily.Alexandr@gmail.com,police officer
213,Darlleen,Wandie,Darlleen.Wandie@yopmail.com,Darlleen.Wandie@gmail.com,worker
214,Augustine,Schwejda,Augustine.Schwejda@yopmail.com,Augustine.Schwejda@gmail.com,police officer
215,Adore,Meli,Adore.Meli@yopmail.com,Adore.Meli@gmail.com,developer
216,Gisela,Klemperer,Gisela.Klemperer@yopmail.com,Gisela.Klemperer@gmail.com,police officer
217,Zaria,Skurnik,Zaria.Skurnik@yopmail.com,Zaria.Skurnik@gmail.com,worker
218,Marjie,Ade,Marjie.Ade@yopmail.com,Marjie.Ade@gmail.com,developer
219,Margette,Freddi,Margette.Freddi@yopmail.com,Margette.Freddi@gmail.com,developer
220,Misha,Howlyn,Misha.Howlyn@yopmail.com,Misha.Howlyn@gmail.com,worker
221,Elsie,Lipson,Elsie.Lipson@yopmail.com,Elsie.Lipson@gmail.com,doctor
222,Kylynn,Angelis,Kylynn.Angelis@yopmail.com,Kylynn.Angelis@gmail.com,doctor
223,Natka,Roche,Natka.Roche@yopmail.com,Natka.Roche@gmail.com,police officer
224,Alia,Nea,Alia.Nea@yopmail.com,Alia.Nea@gmail.com,firefighter
225,Kaia,Karl,Kaia.Karl@yopmail.com,Kaia.Karl@gmail.com,developer
226,Dale,Hoenack,Dale.Hoenack@yopmail.com,Dale.Hoenack@gmail.com,doctor
227,Randa,Ade,Randa.Ade@yopmail.com,Randa.Ade@gmail.com,police officer
228,Ketti,Margret,Ketti.Margret@yopmail.com,Ketti.Margret@gmail.com,police officer
229,Berta,Ciro,Berta.Ciro@yopmail.com,Berta.Ciro@gmail.com,firefighter
230,Jackie,Eliathas,Jackie.Eliathas@yopmail.com,Jackie.Eliathas@gmail.com,developer
231,Althea,Nicoline,Althea.Nicoline@yopmail.com,Althea.Nicoline@gmail.com,doctor
232,Desirae,Tarrant,Desirae.Tarrant@yopmail.com,Desirae.Tarrant@gmail.com,doctor
233,Luci,Zetta,Luci.Zetta@yopmail.com,Luci.Zetta@gmail.com,firefighter
234,Cam,Pulsifer,Cam.Pulsifer@yopmail.com,Cam.Pulsifer@gmail.com,firefighter
235,Jenda,Schwejda,Jenda.Schwejda@yopmail.com,Jenda.Schwejda@gmail.com,firefighter
236,Karolina,Alisia,Karolina.Alisia@yopmail.com,Karolina.Alisia@gmail.com,police officer
237,Latisha,Felizio,Latisha.Felizio@yopmail.com,Latisha.Felizio@gmail.com,doctor
238,Carmela,Berard,Carmela.Berard@yopmail.com,Carmela.Berard@gmail.com,worker
239,Almeta,Whiffen,Almeta.Whiffen@yopmail.com,Almeta.Whiffen@gmail.com,developer
240,Moyna,Lorenz,Moyna.Lorenz@yopmail.com,Moyna.Lorenz@gmail.com,firefighter
241,Kerrin,Terrence,Kerrin.Terrence@yopmail.com,Kerrin.Terrence@gmail.com,doctor
242,Pierette,Hepsibah,Pierette.Hepsibah@yopmail.com,Pierette.Hepsibah@gmail.com,developer
243,Janenna,Elvyn,Janenna.Elvyn@yopmail.com,Janenna.Elvyn@gmail.com,police officer
244,Jennica,Iaverne,Jennica.Iaverne@yopmail.com,Jennica.Iaverne@gmail.com,worker
245,Carree,Gwenore,Carree.Gwenore@yopmail.com,Carree.Gwenore@gmail.com,police officer
246,Delilah,Kannry,Delilah.Kannry@yopmail.com,Delilah.Kannry@gmail.com,worker
247,Eolanda,Annabella,Eolanda.Annabella@yopmail.com,Eolanda.Annabella@gmail.com,doctor
248,Lynde,Pauly,Lynde.Pauly@yopmail.com,Lynde.Pauly@gmail.com,police officer
249,Charissa,Katrine,Charissa.Katrine@yopmail.com,Charissa.Katrine@gmail.com,worker
250,Shell,Riordan,Shell.Riordan@yopmail.com,Shell.Riordan@gmail.com,police officer
251,Blondelle,Oster,Blondelle.Oster@yopmail.com,Blondelle.Oster@gmail.com,worker
252,Reeba,Kiyoshi,Reeba.Kiyoshi@yopmail.com,Reeba.Kiyoshi@gmail.com,firefighter
253,Adelle,Raffo,Adelle.Raffo@yopmail.com,Adelle.Raffo@gmail.com,doctor
254,Audrie,Blase,Audrie.Blase@yopmail.com,Audrie.Blase@gmail.com,developer
255,Paola,Artie,Paola.Artie@yopmail.com,Paola.Artie@gmail.com,firefighter
256,Tressa,Blisse,Tressa.Blisse@yopmail.com,Tressa.Blisse@gmail.com,firefighter
257,Rozele,Cadmar,Rozele.Cadmar@yopmail.com,Rozele.Cadmar@gmail.com,police officer
258,Lindie,Georgy,Lindie.Georgy@yopmail.com,Lindie.Georgy@gmail.com,firefighter
259,Kenna,Valerio,Kenna.Valerio@yopmail.com,Kenna.Valerio@gmail.com,developer
260,Georgina,Fulmer,Georgina.Fulmer@yopmail.com,Georgina.Fulmer@gmail.com,doctor
261,Ada,Randene,Ada.Randene@yopmail.com,Ada.Randene@gmail.com,doctor
262,Quintina,Himelman,Quintina.Himelman@yopmail.com,Quintina.Himelman@gmail.com,police officer
263,Candi,Neva,Candi.Neva@yopmail.com,Candi.Neva@gmail.com,developer
264,Liana,Bach,Liana.Bach@yopmail.com,Liana.Bach@gmail.com,police officer
265,Genovera,Donell,Genovera.Donell@yopmail.com,Genovera.Donell@gmail.com,developer
266,Jsandye,Freddi,Jsandye.Freddi@yopmail.com,Jsandye.Freddi@gmail.com,worker
267,Alleen,Ursulette,Alleen.Ursulette@yopmail.com,Alleen.Ursulette@gmail.com,firefighter
268,Jinny,Noman,Jinny.Noman@yopmail.com,Jinny.Noman@gmail.com,worker
269,Madalyn,Fennessy,Madalyn.Fennessy@yopmail.com,Madalyn.Fennessy@gmail.com,police officer
270,Camile,Thornburg,Camile.Thornburg@yopmail.com,Camile.Thornburg@gmail.com,police officer
271,Blinni,Shanley,Blinni.Shanley@yopmail.com,Blinni.Shanley@gmail.com,police officer
272,Kore,Timon,Kore.Timon@yopmail.com,Kore.Timon@gmail.com,developer
273,Misha,Krystle,Misha.Krystle@yopmail.com,Misha.Krystle@gmail.com,doctor
274,Mara,Alejoa,Mara.Alejoa@yopmail.com,Mara.Alejoa@gmail.com,firefighter
275,Marinna,Keily,Marinna.Keily@yopmail.com,Marinna.Keily@gmail.com,doctor
276,Katuscha,Kesley,Katuscha.Kesley@yopmail.com,Katuscha.Kesley@gmail.com,firefighter
277,Liana,Aurelio,Liana.Aurelio@yopmail.com,Liana.Aurelio@gmail.com,worker
278,Kaja,Hazlett,Kaja.Hazlett@yopmail.com,Kaja.Hazlett@gmail.com,developer
279,Kara-Lynn,Vernier,Kara-Lynn.Vernier@yopmail.com,Kara-Lynn.Vernier@gmail.com,firefighter
280,Claudina,Cordi,Claudina.Cordi@yopmail.com,Claudina.Cordi@gmail.com,police officer
281,Viviene,Skurnik,Viviene.Skurnik@yopmail.com,Viviene.Skurnik@gmail.com,doctor
282,Phedra,Remmer,Phedra.Remmer@yopmail.com,Phedra.Remmer@gmail.com,police officer
283,Merle,Ludewig,Merle.Ludewig@yopmail.com,Merle.Ludewig@gmail.com,doctor
284,Rivalee,Schlosser,Rivalee.Schlosser@yopmail.com,Rivalee.Schlosser@gmail.com,developer
285,Trudie,Bartlett,Trudie.Bartlett@yopmail.com,Trudie.Bartlett@gmail.com,developer
286,Ermengarde,Dunkin,Ermengarde.Dunkin@yopmail.com,Ermengarde.Dunkin@gmail.com,police officer
287,Jennica,Alisia,Jennica.Alisia@yopmail.com,Jennica.Alisia@gmail.com,developer
288,Adore,Codding,Adore.Codding@yopmail.com,Adore.Codding@gmail.com,police officer
289,Kaja,Medrek,Kaja.Medrek@yopmail.com,Kaja.Medrek@gmail.com,worker
290,Romona,Schenck,Romona.Schenck@yopmail.com,Romona.Schenck@gmail.com,worker
291,Jean,Clywd,Jean.Clywd@yopmail.com,Jean.Clywd@gmail.com,doctor
292,Amii,MacIntosh,Amii.MacIntosh@yopmail.com,Amii.MacIntosh@gmail.com,worker
293,Maryellen,Bethany,Maryellen.Bethany@yopmail.com,Maryellen.Bethany@gmail.com,doctor
294,Aurore,Edee,Aurore.Edee@yopmail.com,Aurore.Edee@gmail.com,developer
295,Annaliese,Emanuel,Annaliese.Emanuel@yopmail.com,Annaliese.Emanuel@gmail.com,firefighter
296,Oralee,Rustice,Oralee.Rustice@yopmail.com,Oralee.Rustice@gmail.com,developer
297,Mariann,Eckblad,Mariann.Eckblad@yopmail.com,Mariann.Eckblad@gmail.com,firefighter
298,Lynea,Sholley,Lynea.Sholley@yopmail.com,Lynea.Sholley@gmail.com,police officer
299,Vita,Johanna,Vita.Johanna@yopmail.com,Vita.Johanna@gmail.com,developer
300,Ann-Marie,Orpah,Ann-Marie.Orpah@yopmail.com,Ann-Marie.Orpah@gmail.com,worker
301,Dede,Maroney,Dede.Maroney@yopmail.com,Dede.Maroney@gmail.com,firefighter
302,Dione,Fax,Dione.Fax@yopmail.com,Dione.Fax@gmail.com,doctor
303,Berget,Francyne,Berget.Francyne@yopmail.com,Berget.Francyne@gmail.com,doctor
304,Janey,Vorster,Janey.Vorster@yopmail.com,Janey.Vorster@gmail.com,worker
305,Joelly,Vanni,Joelly.Vanni@yopmail.com,Joelly.Vanni@gmail.com,doctor
306,Daune,Santoro,Daune.Santoro@yopmail.com,Daune.Santoro@gmail.com,firefighter
307,Carlie,Milde,Carlie.Milde@yopmail.com,Carlie.Milde@gmail.com,firefighter
308,Sabina,Meli,Sabina.Meli@yopmail.com,Sabina.Meli@gmail.com,firefighter
309,Chickie,Read,Chickie.Read@yopmail.com,Chickie.Read@gmail.com,developer
310,Evita,Ortrude,Evita.Ortrude@yopmail.com,Evita.Ortrude@gmail.com,doctor
311,Renie,Adore,Renie.Adore@yopmail.com,Renie.Adore@gmail.com,firefighter
312,Brooks,Doig,Brooks.Doig@yopmail.com,Brooks.Doig@gmail.com,police officer
313,Kaia,Rocray,Kaia.Rocray@yopmail.com,Kaia.Rocray@gmail.com,firefighter
314,Lizzie,Docilla,Lizzie.Docilla@yopmail.com,Lizzie.Docilla@gmail.com,developer
315,Livvyy,Ferino,Livvyy.Ferino@yopmail.com,Livvyy.Ferino@gmail.com,developer
316,Lilith,Carolin,Lilith.Carolin@yopmail.com,Lilith.Carolin@gmail.com,doctor
317,Paola,Wittie,Paola.Wittie@yopmail.com,Paola.Wittie@gmail.com,firefighter
318,Estell,Vary,Estell.Vary@yopmail.com,Estell.Vary@gmail.com,worker
319,Marcy,Orpah,Marcy.Orpah@yopmail.com,Marcy.Orpah@gmail.com,developer
320,Katuscha,Morrill,Katuscha.Morrill@yopmail.com,Katuscha.Morrill@gmail.com,firefighter
321,Genevra,Louanna,Genevra.Louanna@yopmail.com,Genevra.Louanna@gmail.com,developer
322,Louella,Marden,Louella.Marden@yopmail.com,Louella.Marden@gmail.com,developer
323,Sindee,Buckler,Sindee.Buckler@yopmail.com,Sindee.Buckler@gmail.com,worker
324,Daphne,Old,Daphne.Old@yopmail.com,Daphne.Old@gmail.com,developer
325,Lonnie,Bakerman,Lonnie.Bakerman@yopmail.com,Lonnie.Bakerman@gmail.com,worker
326,Josephine,Fulmer,Josephine.Fulmer@yopmail.com,Josephine.Fulmer@gmail.com,doctor
327,Mahalia,Celestine,Mahalia.Celestine@yopmail.com,Mahalia.Celestine@gmail.com,worker
328,Nessie,Creamer,Nessie.Creamer@yopmail.com,Nessie.Creamer@gmail.com,police officer
329,Ardeen,Kelula,Ardeen.Kelula@yopmail.com,Ardeen.Kelula@gmail.com,firefighter
330,Susette,Fennessy,Susette.Fennessy@yopmail.com,Susette.Fennessy@gmail.com,doctor
331,Justinn,Loleta,Justinn.Loleta@yopmail.com,Justinn.Loleta@gmail.com,police officer
332,Leeanne,Zachary,Leeanne.Zachary@yopmail.com,Leeanne.Zachary@gmail.com,doctor
333,Fina,Dunkin,Fina.Dunkin@yopmail.com,Fina.Dunkin@gmail.com,police officer
334,Dede,Poppy,Dede.Poppy@yopmail.com,Dede.Poppy@gmail.com,worker
335,Alleen,Amethist,Alleen.Amethist@yopmail.com,Alleen.Amethist@gmail.com,doctor
336,Gertrud,Darrell,Gertrud.Darrell@yopmail.com,Gertrud.Darrell@gmail.com,firefighter
337,Beatriz,Donell,Beatriz.Donell@yopmail.com,Beatriz.Donell@gmail.com,worker
338,Babita,Wooster,Babita.Wooster@yopmail.com,Babita.Wooster@gmail.com,firefighter
339,Shaylyn,Hepsibah,Shaylyn.Hepsibah@yopmail.com,Shaylyn.Hepsibah@gmail.com,doctor
340,Nita,Wenoa,Nita.Wenoa@yopmail.com,Nita.Wenoa@gmail.com,firefighter
341,Roberta,Henebry,Roberta.Henebry@yopmail.com,Roberta.Henebry@gmail.com,police officer
342,Clarice,Hebner,Clarice.Hebner@yopmail.com,Clarice.Hebner@gmail.com,firefighter
343,Lusa,Peg,Lusa.Peg@yopmail.com,Lusa.Peg@gmail.com,worker
344,Odessa,Francyne,Odessa.Francyne@yopmail.com,Odessa.Francyne@gmail.com,firefighter
345,Kylynn,Seagraves,Kylynn.Seagraves@yopmail.com,Kylynn.Seagraves@gmail.com,firefighter
346,Antonietta,Mozelle,Antonietta.Mozelle@yopmail.com,Antonietta.Mozelle@gmail.com,developer
347,Sophia,Hortensia,Sophia.Hortensia@yopmail.com,Sophia.Hortensia@gmail.com,doctor
348,Maurene,Morrill,Maurene.Morrill@yopmail.com,Maurene.Morrill@gmail.com,firefighter
349,Orelia,Wareing,Orelia.Wareing@yopmail.com,Orelia.Wareing@gmail.com,doctor
350,Marjie,Erich,Marjie.Erich@yopmail.com,Marjie.Erich@gmail.com,police officer
351,Julieta,Fadiman,Julieta.Fadiman@yopmail.com,Julieta.Fadiman@gmail.com,firefighter
352,Arlina,Maxi,Arlina.Maxi@yopmail.com,Arlina.Maxi@gmail.com,worker
353,Elie,Eliathas,Elie.Eliathas@yopmail.com,Elie.Eliathas@gmail.com,doctor
354,Gusella,Gwenore,Gusella.Gwenore@yopmail.com,Gusella.Gwenore@gmail.com,police officer
355,Sean,Japeth,Sean.Japeth@yopmail.com,Sean.Japeth@gmail.com,developer
356,Dawn,Gert,Dawn.Gert@yopmail.com,Dawn.Gert@gmail.com,police officer
357,Aimil,Pernick,Aimil.Pernick@yopmail.com,Aimil.Pernick@gmail.com,worker
358,Barbara,Monaco,Barbara.Monaco@yopmail.com,Barbara.Monaco@gmail.com,developer
359,Kenna,Bethany,Kenna.Bethany@yopmail.com,Kenna.Bethany@gmail.com,police officer
360,Delilah,Sandye,Delilah.Sandye@yopmail.com,Delilah.Sandye@gmail.com,developer
361,Mildrid,Aida,Mildrid.Aida@yopmail.com,Mildrid.Aida@gmail.com,doctor
362,Roslyn,Ciapas,Roslyn.Ciapas@yopmail.com,Roslyn.Ciapas@gmail.com,doctor
363,Carolina,Shields,Carolina.Shields@yopmail.com,Carolina.Shields@gmail.com,worker
364,Ermengarde,Gualtiero,Ermengarde.Gualtiero@yopmail.com,Ermengarde.Gualtiero@gmail.com,police officer
365,Steffane,Engdahl,Steffane.Engdahl@yopmail.com,Steffane.Engdahl@gmail.com,doctor
366,Kamilah,Wesle,Kamilah.Wesle@yopmail.com,Kamilah.Wesle@gmail.com,firefighter
367,Gui,Arquit,Gui.Arquit@yopmail.com,Gui.Arquit@gmail.com,developer
368,Alleen,Hillel,Alleen.Hillel@yopmail.com,Alleen.Hillel@gmail.com,developer
369,Myrtice,LaRue,Myrtice.LaRue@yopmail.com,Myrtice.LaRue@gmail.com,police officer
370,Annabela,Garbe,Annabela.Garbe@yopmail.com,Annabela.Garbe@gmail.com,doctor
371,Atlanta,Goode,Atlanta.Goode@yopmail.com,Atlanta.Goode@gmail.com,firefighter
372,Myrtice,Faso,Myrtice.Faso@yopmail.com,Myrtice.Faso@gmail.com,police officer
373,Bill,Kesley,Bill.Kesley@yopmail.com,Bill.Kesley@gmail.com,police officer
374,Lizzie,Japeth,Lizzie.Japeth@yopmail.com,Lizzie.Japeth@gmail.com,worker
375,Jaime,Alexandr,Jaime.Alexandr@yopmail.com,Jaime.Alexandr@gmail.com,police officer
376,Nerta,Radu,Nerta.Radu@yopmail.com,Nerta.Radu@gmail.com,worker
377,Perry,Manolo,Perry.Manolo@yopmail.com,Perry.Manolo@gmail.com,worker
378,Vinita,Hashim,Vinita.Hashim@yopmail.com,Vinita.Hashim@gmail.com,firefighter
379,Fanchon,Letsou,Fanchon.Letsou@yopmail.com,Fanchon.Letsou@gmail.com,firefighter
380,Alameda,Maxi,Alameda.Maxi@yopmail.com,Alameda.Maxi@gmail.com,police officer
381,Thalia,Erb,Thalia.Erb@yopmail.com,Thalia.Erb@gmail.com,worker
382,Angelique,Kathie,Angelique.Kathie@yopmail.com,Angelique.Kathie@gmail.com,worker
383,Gaylene,Malina,Gaylene.Malina@yopmail.com,Gaylene.Malina@gmail.com,firefighter
384,Gerianna,Bari,Gerianna.Bari@yopmail.com,Gerianna.Bari@gmail.com,firefighter
385,Lynde,Kaete,Lynde.Kaete@yopmail.com,Lynde.Kaete@gmail.com,developer
386,Desirae,Gaynor,Desirae.Gaynor@yopmail.com,Desirae.Gaynor@gmail.com,police officer
387,Gisela,Angelis,Gisela.Angelis@yopmail.com,Gisela.Angelis@gmail.com,developer
388,Charmaine,Kravits,Charmaine.Kravits@yopmail.com,Charmaine.Kravits@gmail.com,developer
389,Kristan,Ralfston,Kristan.Ralfston@yopmail.com,Kristan.Ralfston@gmail.com,worker
390,Roslyn,Saint,Roslyn.Saint@yopmail.com,Roslyn.Saint@gmail.com,doctor
391,Karly,Sherfield,Karly.Sherfield@yopmail.com,Karly.Sherfield@gmail.com,worker
392,Ethel,Lemuela,Ethel.Lemuela@yopmail.com,Ethel.Lemuela@gmail.com,doctor
393,Rubie,Mauer,Rubie.Mauer@yopmail.com,Rubie.Mauer@gmail.com,police officer
394,Olivette,Rurik,Olivette.Rurik@yopmail.com,Olivette.Rurik@gmail.com,worker
395,Calla,Tippets,Calla.Tippets@yopmail.com,Calla.Tippets@gmail.com,developer
396,Shauna,Fax,Shauna.Fax@yopmail.com,Shauna.Fax@gmail.com,firefighter
397,Mathilda,Naor,Mathilda.Naor@yopmail.com,Mathilda.Naor@gmail.com,firefighter
398,Brietta,Ranjiv,Brietta.Ranjiv@yopmail.com,Brietta.Ranjiv@gmail.com,developer
399,Brietta,McAdams,Brietta.McAdams@yopmail.com,Brietta.McAdams@gmail.com,developer
400,Bobinette,Blake,Bobinette.Blake@yopmail.com,Bobinette.Blake@gmail.com,developer
401,Bernie,Halsey,Bernie.Halsey@yopmail.com,Bernie.Halsey@gmail.com,worker
402,Sue,Graig,Sue.Graig@yopmail.com,Sue.Graig@gmail.com,firefighter
403,Leanna,Rona,Leanna.Rona@yopmail.com,Leanna.Rona@gmail.com,firefighter
404,Karlee,Nester,Karlee.Nester@yopmail.com,Karlee.Nester@gmail.com,firefighter
405,Madalyn,Reneta,Madalyn.Reneta@yopmail.com,Madalyn.Reneta@gmail.com,doctor
406,Winny,Ellerey,Winny.Ellerey@yopmail.com,Winny.Ellerey@gmail.com,police officer
407,Kamilah,Dorine,Kamilah.Dorine@yopmail.com,Kamilah.Dorine@gmail.com,firefighter
408,Nikki,Lipson,Nikki.Lipson@yopmail.com,Nikki.Lipson@gmail.com,police officer
409,Albertina,Selway,Albertina.Selway@yopmail.com,Albertina.Selway@gmail.com,worker
410,Theodora,O'Carroll,Theodora.O'Carroll@yopmail.com,Theodora.O'Carroll@gmail.com,police officer
411,Nananne,Maxi,Nananne.Maxi@yopmail.com,Nananne.Maxi@gmail.com,firefighter
412,Pamella,Fulmer,Pamella.Fulmer@yopmail.com,Pamella.Fulmer@gmail.com,police officer
413,Vevay,Eben,Vevay.Eben@yopmail.com,Vevay.Eben@gmail.com,police officer
414,Katleen,Bergman,Katleen.Bergman@yopmail.com,Katleen.Bergman@gmail.com,developer
415,Allis,Afton,Allis.Afton@yopmail.com,Allis.Afton@gmail.com,doctor
416,Tressa,Kirbee,Tressa.Kirbee@yopmail.com,Tressa.Kirbee@gmail.com,doctor
417,Maye,Reinke,Maye.Reinke@yopmail.com,Maye.Reinke@gmail.com,police officer
418,Gabi,Pozzy,Gabi.Pozzy@yopmail.com,Gabi.Pozzy@gmail.com,developer
419,Mathilda,Anis,Mathilda.Anis@yopmail.com,Mathilda.Anis@gmail.com,doctor
420,Benita,Pierette,Benita.Pierette@yopmail.com,Benita.Pierette@gmail.com,worker
421,Evaleen,Rudolph,Evaleen.Rudolph@yopmail.com,Evaleen.Rudolph@gmail.com,police officer
422,Fayre,Karna,Fayre.Karna@yopmail.com,Fayre.Karna@gmail.com,police officer
423,Beverley,Kristi,Beverley.Kristi@yopmail.com,Beverley.Kristi@gmail.com,firefighter
424,Ninnetta,Quent,Ninnetta.Quent@yopmail.com,Ninnetta.Quent@gmail.com,developer
425,Rozele,Maxi,Rozele.Maxi@yopmail.com,Rozele.Maxi@gmail.com,doctor
426,Althea,Lasley,Althea.Lasley@yopmail.com,Althea.Lasley@gmail.com,doctor
427,Perry,Kelula,Perry.Kelula@yopmail.com,Perry.Kelula@gmail.com,police officer
428,Stevana,Luhe,Stevana.Luhe@yopmail.com,Stevana.Luhe@gmail.com,doctor
429,Marti,Kiersten,Marti.Kiersten@yopmail.com,Marti.Kiersten@gmail.com,doctor
430,Penelopa,Si,Penelopa.Si@yopmail.com,Penelopa.Si@gmail.com,doctor
431,Kassey,Ursulette,Kassey.Ursulette@yopmail.com,Kassey.Ursulette@gmail.com,doctor
432,Bobbi,Cavan,Bobbi.Cavan@yopmail.com,Bobbi.Cavan@gmail.com,doctor
433,Hildegaard,Wilkinson,Hildegaard.Wilkinson@yopmail.com,Hildegaard.Wilkinson@gmail.com,developer
434,Claresta,Shaddock,Claresta.Shaddock@yopmail.com,Claresta.Shaddock@gmail.com,doctor
435,Agathe,Knowling,Agathe.Knowling@yopmail.com,Agathe.Knowling@gmail.com,police officer
436,Minda,Zetta,Minda.Zetta@yopmail.com,Minda.Zetta@gmail.com,doctor
437,Jorry,Truc,Jorry.Truc@yopmail.com,Jorry.Truc@gmail.com,police officer
438,Lizzie,Vanni,Lizzie.Vanni@yopmail.com,Lizzie.Vanni@gmail.com,doctor
439,Sabina,Ruvolo,Sabina.Ruvolo@yopmail.com,Sabina.Ruvolo@gmail.com,police officer
440,Cristine,Ferino,Cristine.Ferino@yopmail.com,Cristine.Ferino@gmail.com,worker
441,Kerrin,Louanna,Kerrin.Louanna@yopmail.com,Kerrin.Louanna@gmail.com,firefighter
442,Mireielle,Freddi,Mireielle.Freddi@yopmail.com,Mireielle.Freddi@gmail.com,police officer
443,Gabriellia,Fennessy,Gabriellia.Fennessy@yopmail.com,Gabriellia.Fennessy@gmail.com,worker
444,Cathie,Florina,Cathie.Florina@yopmail.com,Cathie.Florina@gmail.com,doctor
445,Nerta,Skell,Nerta.Skell@yopmail.com,Nerta.Skell@gmail.com,worker
446,Linzy,Birdella,Linzy.Birdella@yopmail.com,Linzy.Birdella@gmail.com,firefighter
447,Candy,Delp,Candy.Delp@yopmail.com,Candy.Delp@gmail.com,developer
448,Cathyleen,Leopold,Cathyleen.Leopold@yopmail.com,Cathyleen.Leopold@gmail.com,doctor
449,Tera,Hertzfeld,Tera.Hertzfeld@yopmail.com,Tera.Hertzfeld@gmail.com,developer
450,Ottilie,Faria,Ottilie.Faria@yopmail.com,Ottilie.Faria@gmail.com,worker
451,Jacquetta,Corrine,Jacquetta.Corrine@yopmail.com,Jacquetta.Corrine@gmail.com,worker
452,Quintina,Birdella,Quintina.Birdella@yopmail.com,Quintina.Birdella@gmail.com,doctor
453,Drucie,Cynar,Drucie.Cynar@yopmail.com,Drucie.Cynar@gmail.com,firefighter
454,Gusella,Arquit,Gusella.Arquit@yopmail.com,Gusella.Arquit@gmail.com,police officer
455,Gerianna,Bibi,Gerianna.Bibi@yopmail.com,Gerianna.Bibi@gmail.com,firefighter
456,Agathe,Kenney,Agathe.Kenney@yopmail.com,Agathe.Kenney@gmail.com,police officer
457,Jessy,Melony,Jessy.Melony@yopmail.com,Jessy.Melony@gmail.com,police officer
458,Dacia,Rillings,Dacia.Rillings@yopmail.com,Dacia.Rillings@gmail.com,developer
459,Jordan,Frendel,Jordan.Frendel@yopmail.com,Jordan.Frendel@gmail.com,developer
460,Mellicent,Magdalen,Mellicent.Magdalen@yopmail.com,Mellicent.Magdalen@gmail.com,firefighter
461,Gratia,Luhe,Gratia.Luhe@yopmail.com,Gratia.Luhe@gmail.com,firefighter
462,Devina,Kathie,Devina.Kathie@yopmail.com,Devina.Kathie@gmail.com,police officer
463,Aeriela,Penelopa,Aeriela.Penelopa@yopmail.com,Aeriela.Penelopa@gmail.com,doctor
464,Carol-Jean,Nunci,Carol-Jean.Nunci@yopmail.com,Carol-Jean.Nunci@gmail.com,doctor
465,Luci,Cookie,Luci.Cookie@yopmail.com,Luci.Cookie@gmail.com,firefighter
466,Drucie,Stevy,Drucie.Stevy@yopmail.com,Drucie.Stevy@gmail.com,developer
467,Ericka,Faria,Ericka.Faria@yopmail.com,Ericka.Faria@gmail.com,firefighter
468,Concettina,Keily,Concettina.Keily@yopmail.com,Concettina.Keily@gmail.com,police officer
469,Bernie,Bow,Bernie.Bow@yopmail.com,Bernie.Bow@gmail.com,developer
470,Bobbi,Earlie,Bobbi.Earlie@yopmail.com,Bobbi.Earlie@gmail.com,worker
471,Frances,Krystle,Frances.Krystle@yopmail.com,Frances.Krystle@gmail.com,worker
472,Sheelagh,Nore,Sheelagh.Nore@yopmail.com,Sheelagh.Nore@gmail.com,firefighter
473,Kelly,Abbot,Kelly.Abbot@yopmail.com,Kelly.Abbot@gmail.com,doctor
474,Ana,Joni,Ana.Joni@yopmail.com,Ana.Joni@gmail.com,developer
475,Estell,Bennie,Estell.Bennie@yopmail.com,Estell.Bennie@gmail.com,doctor
476,Ketti,Auberbach,Ketti.Auberbach@yopmail.com,Ketti.Auberbach@gmail.com,doctor
477,Micheline,Bari,Micheline.Bari@yopmail.com,Micheline.Bari@gmail.com,police officer
478,Lanae,Montgomery,Lanae.Montgomery@yopmail.com,Lanae.Montgomery@gmail.com,developer
479,Joceline,Moseley,Joceline.Moseley@yopmail.com,Joceline.Moseley@gmail.com,worker
480,Maridel,Catie,Maridel.Catie@yopmail.com,Maridel.Catie@gmail.com,worker
481,Ardeen,Boehike,Ardeen.Boehike@yopmail.com,Ardeen.Boehike@gmail.com,worker
482,Marylou,Olympium,Marylou.Olympium@yopmail.com,Marylou.Olympium@gmail.com,developer
483,Edee,Alfons,Edee.Alfons@yopmail.com,Edee.Alfons@gmail.com,worker
484,Jasmina,Rona,Jasmina.Rona@yopmail.com,Jasmina.Rona@gmail.com,police officer
485,Berget,Wadell,Berget.Wadell@yopmail.com,Berget.Wadell@gmail.com,police officer
486,Amalie,Rolf,Amalie.Rolf@yopmail.com,Amalie.Rolf@gmail.com,doctor
487,Elka,Joachim,Elka.Joachim@yopmail.com,Elka.Joachim@gmail.com,doctor
488,Maisey,Berard,Maisey.Berard@yopmail.com,Maisey.Berard@gmail.com,doctor
489,Ardeen,Bergman,Ardeen.Bergman@yopmail.com,Ardeen.Bergman@gmail.com,police officer
490,Leona,Melan,Leona.Melan@yopmail.com,Leona.Melan@gmail.com,police officer
491,Sheree,Ophelia,Sheree.Ophelia@yopmail.com,Sheree.Ophelia@gmail.com,worker
492,Dyann,Damarra,Dyann.Damarra@yopmail.com,Dyann.Damarra@gmail.com,worker
493,Charlena,Johnsson,Charlena.Johnsson@yopmail.com,Charlena.Johnsson@gmail.com,doctor
494,Elora,Wu,Elora.Wu@yopmail.com,Elora.Wu@gmail.com,doctor
495,Bernardine,Alfons,Bernardine.Alfons@yopmail.com,Bernardine.Alfons@gmail.com,doctor
496,Merrie,Calhoun,Merrie.Calhoun@yopmail.com,Merrie.Calhoun@gmail.com,developer
497,Deloria,Seumas,Deloria.Seumas@yopmail.com,Deloria.Seumas@gmail.com,firefighter
498,Dorene,August,Dorene.August@yopmail.com,Dorene.August@gmail.com,worker
499,Gilligan,Ferrell,Gilligan.Ferrell@yopmail.com,Gilligan.Ferrell@gmail.com,police officer
500,Lorie,Ehrman,Lorie.Ehrman@yopmail.com,Lorie.Ehrman@gmail.com,police officer
501,Alameda,Obed,Alameda.Obed@yopmail.com,Alameda.Obed@gmail.com,developer
502,Sue,Hebner,Sue.Hebner@yopmail.com,Sue.Hebner@gmail.com,doctor
503,Jerry,Imelida,Jerry.Imelida@yopmail.com,Jerry.Imelida@gmail.com,worker
504,Kaja,Tarrant,Kaja.Tarrant@yopmail.com,Kaja.Tarrant@gmail.com,worker
505,Danny,Junie,Danny.Junie@yopmail.com,Danny.Junie@gmail.com,police officer
506,Harmonia,Sandye,Harmonia.Sandye@yopmail.com,Harmonia.Sandye@gmail.com,worker
507,Dulce,Harl,Dulce.Harl@yopmail.com,Dulce.Harl@gmail.com,doctor
508,Kimberley,Rhu,Kimberley.Rhu@yopmail.com,Kimberley.Rhu@gmail.com,police officer
509,Kittie,Kazimir,Kittie.Kazimir@yopmail.com,Kittie.Kazimir@gmail.com,worker
510,Theodora,Gualtiero,Theodora.Gualtiero@yopmail.com,Theodora.Gualtiero@gmail.com,doctor
511,Alexine,Bendick,Alexine.Bendick@yopmail.com,Alexine.Bendick@gmail.com,firefighter
512,Jaime,Saree,Jaime.Saree@yopmail.com,Jaime.Saree@gmail.com,developer
513,Imojean,Bryna,Imojean.Bryna@yopmail.com,Imojean.Bryna@gmail.com,police officer
514,Adelle,Ax,Adelle.Ax@yopmail.com,Adelle.Ax@gmail.com,police officer
515,Feliza,Santoro,Feliza.Santoro@yopmail.com,Feliza.Santoro@gmail.com,worker
516,Correy,Faust,Correy.Faust@yopmail.com,Correy.Faust@gmail.com,firefighter
517,Starla,Pierette,Starla.Pierette@yopmail.com,Starla.Pierette@gmail.com,worker
518,Roseline,Halsey,Roseline.Halsey@yopmail.com,Roseline.Halsey@gmail.com,worker
519,Gianina,Adlare,Gianina.Adlare@yopmail.com,Gianina.Adlare@gmail.com,worker
520,Wynne,Tremayne,Wynne.Tremayne@yopmail.com,Wynne.Tremayne@gmail.com,worker
521,Imojean,Serilda,Imojean.Serilda@yopmail.com,Imojean.Serilda@gmail.com,worker
522,Lexine,Burkle,Lexine.Burkle@yopmail.com,Lexine.Burkle@gmail.com,firefighter
523,Yetty,Claudine,Yetty.Claudine@yopmail.com,Yetty.Claudine@gmail.com,doctor
524,Tracey,Llovera,Tracey.Llovera@yopmail.com,Tracey.Llovera@gmail.com,worker
525,Leona,Viddah,Leona.Viddah@yopmail.com,Leona.Viddah@gmail.com,police officer
526,Brana,Heisel,Brana.Heisel@yopmail.com,Brana.Heisel@gmail.com,developer
527,Sissy,Kannry,Sissy.Kannry@yopmail.com,Sissy.Kannry@gmail.com,developer
528,Lita,Kalinda,Lita.Kalinda@yopmail.com,Lita.Kalinda@gmail.com,worker
529,Fernande,Cloris,Fernande.Cloris@yopmail.com,Fernande.Cloris@gmail.com,police officer
530,Johna,Jefferey,Johna.Jefferey@yopmail.com,Johna.Jefferey@gmail.com,worker
531,Joceline,Vittoria,Joceline.Vittoria@yopmail.com,Joceline.Vittoria@gmail.com,firefighter
532,Kara-Lynn,Susannah,Kara-Lynn.Susannah@yopmail.com,Kara-Lynn.Susannah@gmail.com,developer
533,Sadie,Harday,Sadie.Harday@yopmail.com,Sadie.Harday@gmail.com,police officer
534,Ninnetta,Christine,Ninnetta.Christine@yopmail.com,Ninnetta.Christine@gmail.com,worker
535,Elbertina,Sheng,Elbertina.Sheng@yopmail.com,Elbertina.Sheng@gmail.com,firefighter
536,Gaylene,Alva,Gaylene.Alva@yopmail.com,Gaylene.Alva@gmail.com,doctor
537,Hollie,Wadell,Hollie.Wadell@yopmail.com,Hollie.Wadell@gmail.com,worker
538,Tressa,Amasa,Tressa.Amasa@yopmail.com,Tressa.Amasa@gmail.com,developer
539,Claresta,Carolin,Claresta.Carolin@yopmail.com,Claresta.Carolin@gmail.com,worker
540,Libbie,Han,Libbie.Han@yopmail.com,Libbie.Han@gmail.com,doctor
541,Laure,Gordon,Laure.Gordon@yopmail.com,Laure.Gordon@gmail.com,doctor
542,Elise,Dom,Elise.Dom@yopmail.com,Elise.Dom@gmail.com,firefighter
543,Lucy,Skell,Lucy.Skell@yopmail.com,Lucy.Skell@gmail.com,doctor
544,Damaris,Clarissa,Damaris.Clarissa@yopmail.com,Damaris.Clarissa@gmail.com,developer
545,Lulita,Magdalen,Lulita.Magdalen@yopmail.com,Lulita.Magdalen@gmail.com,doctor
546,Dennie,Concha,Dennie.Concha@yopmail.com,Dennie.Concha@gmail.com,developer
547,Jolyn,Morehouse,Jolyn.Morehouse@yopmail.com,Jolyn.Morehouse@gmail.com,firefighter
548,Philis,Cadmar,Philis.Cadmar@yopmail.com,Philis.Cadmar@gmail.com,police officer
549,Julieta,Koehler,Julieta.Koehler@yopmail.com,Julieta.Koehler@gmail.com,police officer
550,Jan,Briney,Jan.Briney@yopmail.com,Jan.Briney@gmail.com,firefighter
551,Fred,Imelida,Fred.Imelida@yopmail.com,Fred.Imelida@gmail.com,worker
552,Adore,Juan,Adore.Juan@yopmail.com,Adore.Juan@gmail.com,doctor
553,Fina,Felizio,Fina.Felizio@yopmail.com,Fina.Felizio@gmail.com,firefighter
554,Andree,Dahlia,Andree.Dahlia@yopmail.com,Andree.Dahlia@gmail.com,worker
555,Tressa,Kress,Tressa.Kress@yopmail.com,Tressa.Kress@gmail.com,firefighter
556,Hallie,Jary,Hallie.Jary@yopmail.com,Hallie.Jary@gmail.com,doctor
557,Celisse,Slifka,Celisse.Slifka@yopmail.com,Celisse.Slifka@gmail.com,doctor
558,Goldie,Carbo,Goldie.Carbo@yopmail.com,Goldie.Carbo@gmail.com,developer
559,Caryl,Nahum,Caryl.Nahum@yopmail.com,Caryl.Nahum@gmail.com,doctor
560,Ekaterina,Bonucci,Ekaterina.Bonucci@yopmail.com,Ekaterina.Bonucci@gmail.com,developer
561,Mahalia,Tjon,Mahalia.Tjon@yopmail.com,Mahalia.Tjon@gmail.com,doctor
562,Brana,Dearborn,Brana.Dearborn@yopmail.com,Brana.Dearborn@gmail.com,worker
563,Yolane,Jacinda,Yolane.Jacinda@yopmail.com,Yolane.Jacinda@gmail.com,developer
564,Talya,Adamsen,Talya.Adamsen@yopmail.com,Talya.Adamsen@gmail.com,developer
565,Selia,Goode,Selia.Goode@yopmail.com,Selia.Goode@gmail.com,firefighter
566,Jacquetta,Neils,Jacquetta.Neils@yopmail.com,Jacquetta.Neils@gmail.com,doctor
567,Shannah,Obed,Shannah.Obed@yopmail.com,Shannah.Obed@gmail.com,developer
568,Anestassia,Pauly,Anestassia.Pauly@yopmail.com,Anestassia.Pauly@gmail.com,doctor
569,Bobinette,Cordi,Bobinette.Cordi@yopmail.com,Bobinette.Cordi@gmail.com,police officer
570,Zaria,Madelene,Zaria.Madelene@yopmail.com,Zaria.Madelene@gmail.com,doctor
571,Kelly,Fitzsimmons,Kelly.Fitzsimmons@yopmail.com,Kelly.Fitzsimmons@gmail.com,developer
572,Edee,Lilybelle,Edee.Lilybelle@yopmail.com,Edee.Lilybelle@gmail.com,developer
573,Quintina,Jalbert,Quintina.Jalbert@yopmail.com,Quintina.Jalbert@gmail.com,worker
574,Chloris,Mullane,Chloris.Mullane@yopmail.com,Chloris.Mullane@gmail.com,firefighter
575,Nananne,Syd,Nananne.Syd@yopmail.com,Nananne.Syd@gmail.com,police officer
576,Jaclyn,Klotz,Jaclyn.Klotz@yopmail.com,Jaclyn.Klotz@gmail.com,police officer
577,Althea,Letsou,Althea.Letsou@yopmail.com,Althea.Letsou@gmail.com,police officer
578,Frank,Armanda,Frank.Armanda@yopmail.com,Frank.Armanda@gmail.com,firefighter
579,Frances,Helve,Frances.Helve@yopmail.com,Frances.Helve@gmail.com,police officer
580,Candy,Leary,Candy.Leary@yopmail.com,Candy.Leary@gmail.com,firefighter
581,Lorenza,Durante,Lorenza.Durante@yopmail.com,Lorenza.Durante@gmail.com,firefighter
582,Alyssa,Kunin,Alyssa.Kunin@yopmail.com,Alyssa.Kunin@gmail.com,police officer
583,Shell,Oster,Shell.Oster@yopmail.com,Shell.Oster@gmail.com,developer
584,Damaris,Gillan,Damaris.Gillan@yopmail.com,Damaris.Gillan@gmail.com,firefighter
585,Correy,Arley,Correy.Arley@yopmail.com,Correy.Arley@gmail.com,doctor
586,Ermengarde,Cassius,Ermengarde.Cassius@yopmail.com,Ermengarde.Cassius@gmail.com,developer
587,Codie,Hermes,Codie.Hermes@yopmail.com,Codie.Hermes@gmail.com,worker
588,Vonny,Ulphia,Vonny.Ulphia@yopmail.com,Vonny.Ulphia@gmail.com,worker
589,Edith,Weide,Edith.Weide@yopmail.com,Edith.Weide@gmail.com,police officer
590,Harrietta,Westphal,Harrietta.Westphal@yopmail.com,Harrietta.Westphal@gmail.com,doctor
591,Rori,Ciapas,Rori.Ciapas@yopmail.com,Rori.Ciapas@gmail.com,doctor
592,Florie,Thema,Florie.Thema@yopmail.com,Florie.Thema@gmail.com,developer
593,Arabel,Llovera,Arabel.Llovera@yopmail.com,Arabel.Llovera@gmail.com,doctor
594,Amalie,Shanley,Amalie.Shanley@yopmail.com,Amalie.Shanley@gmail.com,firefighter
595,Reeba,Arne,Reeba.Arne@yopmail.com,Reeba.Arne@gmail.com,police officer
596,Nessie,Connelly,Nessie.Connelly@yopmail.com,Nessie.Connelly@gmail.com,doctor
597,Selma,Obed,Selma.Obed@yopmail.com,Selma.Obed@gmail.com,police officer
598,Ardys,Rugen,Ardys.Rugen@yopmail.com,Ardys.Rugen@gmail.com,worker
599,Claresta,Abram,Claresta.Abram@yopmail.com,Claresta.Abram@gmail.com,developer
600,Joleen,Pillsbury,Joleen.Pillsbury@yopmail.com,Joleen.Pillsbury@gmail.com,firefighter
601,Donetta,Parette,Donetta.Parette@yopmail.com,Donetta.Parette@gmail.com,developer
602,Felice,Hanleigh,Felice.Hanleigh@yopmail.com,Felice.Hanleigh@gmail.com,worker
603,Aeriela,Papageno,Aeriela.Papageno@yopmail.com,Aeriela.Papageno@gmail.com,firefighter
604,Ekaterina,Sheng,Ekaterina.Sheng@yopmail.com,Ekaterina.Sheng@gmail.com,doctor
605,Deirdre,Dudley,Deirdre.Dudley@yopmail.com,Deirdre.Dudley@gmail.com,doctor
606,Candi,Jarib,Candi.Jarib@yopmail.com,Candi.Jarib@gmail.com,developer
607,Inga,Oscar,Inga.Oscar@yopmail.com,Inga.Oscar@gmail.com,police officer
608,Tera,Kathie,Tera.Kathie@yopmail.com,Tera.Kathie@gmail.com,doctor
609,Bill,Dermott,Bill.Dermott@yopmail.com,Bill.Dermott@gmail.com,police officer
610,Arlena,Hedve,Arlena.Hedve@yopmail.com,Arlena.Hedve@gmail.com,firefighter
611,Pearline,Syd,Pearline.Syd@yopmail.com,Pearline.Syd@gmail.com,worker
612,Annaliese,Tarrant,Annaliese.Tarrant@yopmail.com,Annaliese.Tarrant@gmail.com,doctor
613,Tilly,Shields,Tilly.Shields@yopmail.com,Tilly.Shields@gmail.com,developer
614,Cassandra,Bach,Cassandra.Bach@yopmail.com,Cassandra.Bach@gmail.com,worker
615,Christian,Jess,Christian.Jess@yopmail.com,Christian.Jess@gmail.com,doctor
616,Kylynn,Roscoe,Kylynn.Roscoe@yopmail.com,Kylynn.Roscoe@gmail.com,police officer
617,Ayn,Sperling,Ayn.Sperling@yopmail.com,Ayn.Sperling@gmail.com,worker
618,Valeda,Wesle,Valeda.Wesle@yopmail.com,Valeda.Wesle@gmail.com,worker
619,Elbertina,Truc,Elbertina.Truc@yopmail.com,Elbertina.Truc@gmail.com,firefighter
620,Alleen,Johnsson,Alleen.Johnsson@yopmail.com,Alleen.Johnsson@gmail.com,worker
621,Natka,Velick,Natka.Velick@yopmail.com,Natka.Velick@gmail.com,firefighter
622,Eve,Goldina,Eve.Goldina@yopmail.com,Eve.Goldina@gmail.com,worker
623,Rivalee,Dreda,Rivalee.Dreda@yopmail.com,Rivalee.Dreda@gmail.com,police officer
624,Paule,Cavan,Paule.Cavan@yopmail.com,Paule.Cavan@gmail.com,police officer
625,Nollie,Hoban,Nollie.Hoban@yopmail.com,Nollie.Hoban@gmail.com,police officer
626,Marika,Longfellow,Marika.Longfellow@yopmail.com,Marika.Longfellow@gmail.com,worker
627,Melina,Cordi,Melina.Cordi@yopmail.com,Melina.Cordi@gmail.com,worker
628,Margarette,Meter,Margarette.Meter@yopmail.com,Margarette.Meter@gmail.com,worker
629,Cyb,Kauppi,Cyb.Kauppi@yopmail.com,Cyb.Kauppi@gmail.com,developer
630,Gertrud,Ciro,Gertrud.Ciro@yopmail.com,Gertrud.Ciro@gmail.com,police officer
631,Sadie,Torray,Sadie.Torray@yopmail.com,Sadie.Torray@gmail.com,police officer
632,Celene,Billye,Celene.Billye@yopmail.com,Celene.Billye@gmail.com,police officer
633,Mallory,Creamer,Mallory.Creamer@yopmail.com,Mallory.Creamer@gmail.com,firefighter
634,Mara,Florina,Mara.Florina@yopmail.com,Mara.Florina@gmail.com,police officer
635,Tybie,Markman,Tybie.Markman@yopmail.com,Tybie.Markman@gmail.com,police officer
636,Joeann,Urania,Joeann.Urania@yopmail.com,Joeann.Urania@gmail.com,doctor
637,Letizia,Campball,Letizia.Campball@yopmail.com,Letizia.Campball@gmail.com,police officer
638,Therine,Behre,Therine.Behre@yopmail.com,Therine.Behre@gmail.com,police officer
639,Gabi,Roscoe,Gabi.Roscoe@yopmail.com,Gabi.Roscoe@gmail.com,developer
640,Anica,Grimbly,Anica.Grimbly@yopmail.com,Anica.Grimbly@gmail.com,police officer
641,Leeanne,Gwenore,Leeanne.Gwenore@yopmail.com,Leeanne.Gwenore@gmail.com,police officer
642,Sophia,Madelene,Sophia.Madelene@yopmail.com,Sophia.Madelene@gmail.com,doctor
643,Nerta,Woodberry,Nerta.Woodberry@yopmail.com,Nerta.Woodberry@gmail.com,worker
644,Marylou,Decato,Marylou.Decato@yopmail.com,Marylou.Decato@gmail.com,worker
645,Adriana,Cleo,Adriana.Cleo@yopmail.com,Adriana.Cleo@gmail.com,worker
646,Mariele,Daniele,Mariele.Daniele@yopmail.com,Mariele.Daniele@gmail.com,developer
647,Dacia,Eckblad,Dacia.Eckblad@yopmail.com,Dacia.Eckblad@gmail.com,developer
648,Mallory,Howlyn,Mallory.Howlyn@yopmail.com,Mallory.Howlyn@gmail.com,doctor
649,Gui,Isidore,Gui.Isidore@yopmail.com,Gui.Isidore@gmail.com,firefighter
650,Annice,Dermott,Annice.Dermott@yopmail.com,Annice.Dermott@gmail.com,developer
651,Babita,Girardo,Babita.Girardo@yopmail.com,Babita.Girardo@gmail.com,firefighter
652,Micheline,Hieronymus,Micheline.Hieronymus@yopmail.com,Micheline.Hieronymus@gmail.com,doctor
653,Trudie,Dannye,Trudie.Dannye@yopmail.com,Trudie.Dannye@gmail.com,police officer
654,Brianna,Drus,Brianna.Drus@yopmail.com,Brianna.Drus@gmail.com,worker
655,Angelique,Pattin,Angelique.Pattin@yopmail.com,Angelique.Pattin@gmail.com,firefighter
656,Ursulina,Hebner,Ursulina.Hebner@yopmail.com,Ursulina.Hebner@gmail.com,doctor
657,Pamella,Pandolfi,Pamella.Pandolfi@yopmail.com,Pamella.Pandolfi@gmail.com,doctor
658,Addia,Stuart,Addia.Stuart@yopmail.com,Addia.Stuart@gmail.com,developer
659,Ayn,LaRue,Ayn.LaRue@yopmail.com,Ayn.LaRue@gmail.com,doctor
660,Miquela,Lamoree,Miquela.Lamoree@yopmail.com,Miquela.Lamoree@gmail.com,firefighter
661,Alejandra,Bearnard,Alejandra.Bearnard@yopmail.com,Alejandra.Bearnard@gmail.com,police officer
662,Veda,Maryanne,Veda.Maryanne@yopmail.com,Veda.Maryanne@gmail.com,firefighter
663,Marinna,Giff,Marinna.Giff@yopmail.com,Marinna.Giff@gmail.com,worker
664,Ulrike,Zina,Ulrike.Zina@yopmail.com,Ulrike.Zina@gmail.com,doctor
665,Wendi,Jalbert,Wendi.Jalbert@yopmail.com,Wendi.Jalbert@gmail.com,worker
666,Halette,Edmund,Halette.Edmund@yopmail.com,Halette.Edmund@gmail.com,police officer
667,Celene,Baptlsta,Celene.Baptlsta@yopmail.com,Celene.Baptlsta@gmail.com,developer
668,Dulcinea,Skurnik,Dulcinea.Skurnik@yopmail.com,Dulcinea.Skurnik@gmail.com,police officer
669,Micheline,Weitman,Micheline.Weitman@yopmail.com,Micheline.Weitman@gmail.com,worker
670,Larine,Hashim,Larine.Hashim@yopmail.com,Larine.Hashim@gmail.com,developer
671,Myriam,Corilla,Myriam.Corilla@yopmail.com,Myriam.Corilla@gmail.com,worker
672,Hallie,Killigrew,Hallie.Killigrew@yopmail.com,Hallie.Killigrew@gmail.com,worker
673,Lorie,Kermit,Lorie.Kermit@yopmail.com,Lorie.Kermit@gmail.com,worker
674,Arabel,MacIntosh,Arabel.MacIntosh@yopmail.com,Arabel.MacIntosh@gmail.com,developer
675,Kate,Grimbly,Kate.Grimbly@yopmail.com,Kate.Grimbly@gmail.com,police officer
676,Tilly,Jacinda,Tilly.Jacinda@yopmail.com,Tilly.Jacinda@gmail.com,doctor
677,Lesly,Nicoline,Lesly.Nicoline@yopmail.com,Lesly.Nicoline@gmail.com,doctor
678,Babita,Latini,Babita.Latini@yopmail.com,Babita.Latini@gmail.com,firefighter
679,Trixi,Orpah,Trixi.Orpah@yopmail.com,Trixi.Orpah@gmail.com,developer
680,Millie,Rolf,Millie.Rolf@yopmail.com,Millie.Rolf@gmail.com,worker
681,Ernesta,Orpah,Ernesta.Orpah@yopmail.com,Ernesta.Orpah@gmail.com,doctor
682,Jeanna,Rurik,Jeanna.Rurik@yopmail.com,Jeanna.Rurik@gmail.com,police officer
683,Misha,Alva,Misha.Alva@yopmail.com,Misha.Alva@gmail.com,developer
684,Cristabel,Arne,Cristabel.Arne@yopmail.com,Cristabel.Arne@gmail.com,firefighter
685,Emylee,Pacorro,Emylee.Pacorro@yopmail.com,Emylee.Pacorro@gmail.com,developer
686,Wileen,Pascia,Wileen.Pascia@yopmail.com,Wileen.Pascia@gmail.com,worker
687,Letizia,Timon,Letizia.Timon@yopmail.com,Letizia.Timon@gmail.com,police officer
688,Tobe,Toor,Tobe.Toor@yopmail.com,Tobe.Toor@gmail.com,worker
689,Layla,Hutchison,Layla.Hutchison@yopmail.com,Layla.Hutchison@gmail.com,firefighter
690,Alyssa,Raul,Alyssa.Raul@yopmail.com,Alyssa.Raul@gmail.com,firefighter
691,Regina,Dalli,Regina.Dalli@yopmail.com,Regina.Dalli@gmail.com,developer
692,Nanete,Nikaniki,Nanete.Nikaniki@yopmail.com,Nanete.Nikaniki@gmail.com,firefighter
693,Sean,Cressida,Sean.Cressida@yopmail.com,Sean.Cressida@gmail.com,firefighter
694,Nyssa,Pattin,Nyssa.Pattin@yopmail.com,Nyssa.Pattin@gmail.com,firefighter
695,Riannon,Fabiola,Riannon.Fabiola@yopmail.com,Riannon.Fabiola@gmail.com,doctor
696,Patricia,Valerio,Patricia.Valerio@yopmail.com,Patricia.Valerio@gmail.com,police officer
697,Vanessa,Lattie,Vanessa.Lattie@yopmail.com,Vanessa.Lattie@gmail.com,developer
698,Nannie,Abram,Nannie.Abram@yopmail.com,Nannie.Abram@gmail.com,doctor
699,Katharina,Nunci,Katharina.Nunci@yopmail.com,Katharina.Nunci@gmail.com,worker
700,Allyce,Hedve,Allyce.Hedve@yopmail.com,Allyce.Hedve@gmail.com,doctor
701,Dennie,Sophronia,Dennie.Sophronia@yopmail.com,Dennie.Sophronia@gmail.com,doctor
702,Maridel,Stephie,Maridel.Stephie@yopmail.com,Maridel.Stephie@gmail.com,developer
703,Tracey,Baudin,Tracey.Baudin@yopmail.com,Tracey.Baudin@gmail.com,worker
704,Jeanna,Ledah,Jeanna.Ledah@yopmail.com,Jeanna.Ledah@gmail.com,worker
705,Brietta,Vale,Brietta.Vale@yopmail.com,Brietta.Vale@gmail.com,firefighter
706,Iseabal,Garlinda,Iseabal.Garlinda@yopmail.com,Iseabal.Garlinda@gmail.com,worker
707,Bibby,Ammann,Bibby.Ammann@yopmail.com,Bibby.Ammann@gmail.com,worker
708,Damaris,Viddah,Damaris.Viddah@yopmail.com,Damaris.Viddah@gmail.com,firefighter
709,Charmaine,Hillel,Charmaine.Hillel@yopmail.com,Charmaine.Hillel@gmail.com,developer
710,Nicoli,Lory,Nicoli.Lory@yopmail.com,Nicoli.Lory@gmail.com,firefighter
711,Devina,Hailee,Devina.Hailee@yopmail.com,Devina.Hailee@gmail.com,worker
712,Glynnis,Emmy,Glynnis.Emmy@yopmail.com,Glynnis.Emmy@gmail.com,firefighter
713,Jany,Medrek,Jany.Medrek@yopmail.com,Jany.Medrek@gmail.com,firefighter
714,Paola,Ardra,Paola.Ardra@yopmail.com,Paola.Ardra@gmail.com,firefighter
715,Elise,Tayib,Elise.Tayib@yopmail.com,Elise.Tayib@gmail.com,police officer
716,Hannis,Douglass,Hannis.Douglass@yopmail.com,Hannis.Douglass@gmail.com,doctor
717,Halette,Sheedy,Halette.Sheedy@yopmail.com,Halette.Sheedy@gmail.com,firefighter
718,Phylis,Peonir,Phylis.Peonir@yopmail.com,Phylis.Peonir@gmail.com,police officer
719,Aurore,O'Rourke,Aurore.O'Rourke@yopmail.com,Aurore.O'Rourke@gmail.com,police officer
720,Dulce,Muriel,Dulce.Muriel@yopmail.com,Dulce.Muriel@gmail.com,worker
721,Willetta,Delp,Willetta.Delp@yopmail.com,Willetta.Delp@gmail.com,doctor
722,Briney,Bennie,Briney.Bennie@yopmail.com,Briney.Bennie@gmail.com,police officer
723,Hallie,Latini,Hallie.Latini@yopmail.com,Hallie.Latini@gmail.com,police officer
724,Dianemarie,Noam,Dianemarie.Noam@yopmail.com,Dianemarie.Noam@gmail.com,firefighter
725,Basia,Rad,Basia.Rad@yopmail.com,Basia.Rad@gmail.com,worker
726,Brianna,My,Brianna.My@yopmail.com,Brianna.My@gmail.com,doctor
727,Margalo,Erminia,Margalo.Erminia@yopmail.com,Margalo.Erminia@gmail.com,doctor
728,Carmencita,Rodmann,Carmencita.Rodmann@yopmail.com,Carmencita.Rodmann@gmail.com,police officer
729,Luci,Ezar,Luci.Ezar@yopmail.com,Luci.Ezar@gmail.com,police officer
730,Rozele,Skell,Rozele.Skell@yopmail.com,Rozele.Skell@gmail.com,doctor
731,Anallese,Gombach,Anallese.Gombach@yopmail.com,Anallese.Gombach@gmail.com,police officer
732,Corly,Korey,Corly.Korey@yopmail.com,Corly.Korey@gmail.com,firefighter
733,Maridel,Koziara,Maridel.Koziara@yopmail.com,Maridel.Koziara@gmail.com,worker
734,Theodora,Fax,Theodora.Fax@yopmail.com,Theodora.Fax@gmail.com,doctor
735,Kimberley,Ogren,Kimberley.Ogren@yopmail.com,Kimberley.Ogren@gmail.com,developer
736,Rochette,Ivens,Rochette.Ivens@yopmail.com,Rochette.Ivens@gmail.com,firefighter
737,Kathy,Killigrew,Kathy.Killigrew@yopmail.com,Kathy.Killigrew@gmail.com,developer
738,Roseline,Berriman,Roseline.Berriman@yopmail.com,Roseline.Berriman@gmail.com,doctor
739,Anallese,Goldina,Anallese.Goldina@yopmail.com,Anallese.Goldina@gmail.com,police officer
740,Alia,Lail,Alia.Lail@yopmail.com,Alia.Lail@gmail.com,developer
741,Wynne,Jacqui,Wynne.Jacqui@yopmail.com,Wynne.Jacqui@gmail.com,doctor
742,Camile,Virgin,Camile.Virgin@yopmail.com,Camile.Virgin@gmail.com,developer
743,Georgina,Stuart,Georgina.Stuart@yopmail.com,Georgina.Stuart@gmail.com,worker
744,Elvira,Colyer,Elvira.Colyer@yopmail.com,Elvira.Colyer@gmail.com,worker
745,Janis,Fillbert,Janis.Fillbert@yopmail.com,Janis.Fillbert@gmail.com,worker
746,Nickie,Edee,Nickie.Edee@yopmail.com,Nickie.Edee@gmail.com,police officer
747,Genevra,Hourigan,Genevra.Hourigan@yopmail.com,Genevra.Hourigan@gmail.com,doctor
748,Jinny,Kussell,Jinny.Kussell@yopmail.com,Jinny.Kussell@gmail.com,developer
749,Taffy,Maribeth,Taffy.Maribeth@yopmail.com,Taffy.Maribeth@gmail.com,developer
750,Agnese,Ogren,Agnese.Ogren@yopmail.com,Agnese.Ogren@gmail.com,developer
751,Madalyn,Hachmin,Madalyn.Hachmin@yopmail.com,Madalyn.Hachmin@gmail.com,police officer
752,Allyce,Cornelia,Allyce.Cornelia@yopmail.com,Allyce.Cornelia@gmail.com,firefighter
753,Berget,Emmaline,Berget.Emmaline@yopmail.com,Berget.Emmaline@gmail.com,firefighter
754,Trixi,Wallis,Trixi.Wallis@yopmail.com,Trixi.Wallis@gmail.com,worker
755,Letizia,Hartnett,Letizia.Hartnett@yopmail.com,Letizia.Hartnett@gmail.com,doctor
756,Sharai,Carolin,Sharai.Carolin@yopmail.com,Sharai.Carolin@gmail.com,developer
757,Mellicent,Hourigan,Mellicent.Hourigan@yopmail.com,Mellicent.Hourigan@gmail.com,police officer
758,Merci,Wilona,Merci.Wilona@yopmail.com,Merci.Wilona@gmail.com,police officer
759,Belva,Maisey,Belva.Maisey@yopmail.com,Belva.Maisey@gmail.com,police officer
760,Cristabel,Sperling,Cristabel.Sperling@yopmail.com,Cristabel.Sperling@gmail.com,police officer
761,Layla,Kendrick,Layla.Kendrick@yopmail.com,Layla.Kendrick@gmail.com,worker
762,Cindelyn,Kussell,Cindelyn.Kussell@yopmail.com,Cindelyn.Kussell@gmail.com,doctor
763,Karly,Stephie,Karly.Stephie@yopmail.com,Karly.Stephie@gmail.com,developer
764,Linzy,Suzetta,Linzy.Suzetta@yopmail.com,Linzy.Suzetta@gmail.com,police officer
765,Flory,Arne,Flory.Arne@yopmail.com,Flory.Arne@gmail.com,developer
766,Livvyy,Sothena,Livvyy.Sothena@yopmail.com,Livvyy.Sothena@gmail.com,doctor
767,Roseline,Garlinda,Roseline.Garlinda@yopmail.com,Roseline.Garlinda@gmail.com,police officer
768,Cordi,Presber,Cordi.Presber@yopmail.com,Cordi.Presber@gmail.com,worker
769,Kayla,Himelman,Kayla.Himelman@yopmail.com,Kayla.Himelman@gmail.com,worker
770,Ericka,Arvo,Ericka.Arvo@yopmail.com,Ericka.Arvo@gmail.com,police officer
771,Pollyanna,Diogenes,Pollyanna.Diogenes@yopmail.com,Pollyanna.Diogenes@gmail.com,developer
772,Janey,Bord,Janey.Bord@yopmail.com,Janey.Bord@gmail.com,police officer
773,Doro,Jeanne,Doro.Jeanne@yopmail.com,Doro.Jeanne@gmail.com,doctor
774,Rani,Cassius,Rani.Cassius@yopmail.com,Rani.Cassius@gmail.com,developer
775,Orsola,Tristram,Orsola.Tristram@yopmail.com,Orsola.Tristram@gmail.com,police officer
776,Rhoda,Hortensia,Rhoda.Hortensia@yopmail.com,Rhoda.Hortensia@gmail.com,worker
777,Violet,Thema,Violet.Thema@yopmail.com,Violet.Thema@gmail.com,developer
778,Amii,Cohdwell,Amii.Cohdwell@yopmail.com,Amii.Cohdwell@gmail.com,police officer
779,Ketti,Kat,Ketti.Kat@yopmail.com,Ketti.Kat@gmail.com,developer
780,Giustina,Morrill,Giustina.Morrill@yopmail.com,Giustina.Morrill@gmail.com,developer
781,Blondelle,Dex,Blondelle.Dex@yopmail.com,Blondelle.Dex@gmail.com,doctor
782,Tressa,Albertine,Tressa.Albertine@yopmail.com,Tressa.Albertine@gmail.com,police officer
783,Arabel,Richers,Arabel.Richers@yopmail.com,Arabel.Richers@gmail.com,firefighter
784,Vivia,Tufts,Vivia.Tufts@yopmail.com,Vivia.Tufts@gmail.com,doctor
785,Merle,Cassius,Merle.Cassius@yopmail.com,Merle.Cassius@gmail.com,firefighter
786,Dorothy,Poppy,Dorothy.Poppy@yopmail.com,Dorothy.Poppy@gmail.com,doctor
787,Max,Martguerita,Max.Martguerita@yopmail.com,Max.Martguerita@gmail.com,doctor
788,Gusty,Morrill,Gusty.Morrill@yopmail.com,Gusty.Morrill@gmail.com,worker
789,Mahalia,Whiffen,Mahalia.Whiffen@yopmail.com,Mahalia.Whiffen@gmail.com,firefighter
790,Janey,Keily,Janey.Keily@yopmail.com,Janey.Keily@gmail.com,firefighter
791,Norine,Boehike,Norine.Boehike@yopmail.com,Norine.Boehike@gmail.com,developer
792,Maud,Constancy,Maud.Constancy@yopmail.com,Maud.Constancy@gmail.com,police officer
793,Orelia,Mallon,Orelia.Mallon@yopmail.com,Orelia.Mallon@gmail.com,worker
794,Adelle,Dreda,Adelle.Dreda@yopmail.com,Adelle.Dreda@gmail.com,developer
795,Kristan,Simmonds,Kristan.Simmonds@yopmail.com,Kristan.Simmonds@gmail.com,doctor
796,Claresta,Merell,Claresta.Merell@yopmail.com,Claresta.Merell@gmail.com,worker
797,Florencia,Plato,Florencia.Plato@yopmail.com,Florencia.Plato@gmail.com,doctor
798,Drucie,Buffum,Drucie.Buffum@yopmail.com,Drucie.Buffum@gmail.com,worker
799,Jenda,Sandye,Jenda.Sandye@yopmail.com,Jenda.Sandye@gmail.com,developer
800,Magdalena,Dermott,Magdalena.Dermott@yopmail.com,Magdalena.Dermott@gmail.com,worker
801,Sara-Ann,Infield,Sara-Ann.Infield@yopmail.com,Sara-Ann.Infield@gmail.com,police officer
802,Nelle,Schwejda,Nelle.Schwejda@yopmail.com,Nelle.Schwejda@gmail.com,firefighter
803,Katleen,Suanne,Katleen.Suanne@yopmail.com,Katleen.Suanne@gmail.com,firefighter
804,Hermione,Sibyls,Hermione.Sibyls@yopmail.com,Hermione.Sibyls@gmail.com,worker
805,Minda,Laurianne,Minda.Laurianne@yopmail.com,Minda.Laurianne@gmail.com,worker
806,Kerrin,Cordi,Kerrin.Cordi@yopmail.com,Kerrin.Cordi@gmail.com,police officer
807,Loree,Teryn,Loree.Teryn@yopmail.com,Loree.Teryn@gmail.com,police officer
808,Joane,Amand,Joane.Amand@yopmail.com,Joane.Amand@gmail.com,worker
809,Gabriellia,Brodench,Gabriellia.Brodench@yopmail.com,Gabriellia.Brodench@gmail.com,police officer
810,Aurore,Lissi,Aurore.Lissi@yopmail.com,Aurore.Lissi@gmail.com,developer
811,Juliane,Sharl,Juliane.Sharl@yopmail.com,Juliane.Sharl@gmail.com,police officer
812,Andree,Zetta,Andree.Zetta@yopmail.com,Andree.Zetta@gmail.com,firefighter
813,Christian,Wadell,Christian.Wadell@yopmail.com,Christian.Wadell@gmail.com,doctor
814,Janenna,Kannry,Janenna.Kannry@yopmail.com,Janenna.Kannry@gmail.com,firefighter
815,Sidoney,Johanna,Sidoney.Johanna@yopmail.com,Sidoney.Johanna@gmail.com,doctor
816,Ellette,Emmaline,Ellette.Emmaline@yopmail.com,Ellette.Emmaline@gmail.com,developer
817,Juliane,Bevin,Juliane.Bevin@yopmail.com,Juliane.Bevin@gmail.com,worker
818,Doro,Forrer,Doro.Forrer@yopmail.com,Doro.Forrer@gmail.com,firefighter
819,Teriann,Donell,Teriann.Donell@yopmail.com,Teriann.Donell@gmail.com,doctor
820,Britni,Krystle,Britni.Krystle@yopmail.com,Britni.Krystle@gmail.com,doctor
821,Leona,Gaynor,Leona.Gaynor@yopmail.com,Leona.Gaynor@gmail.com,worker
822,Ericka,Eldrid,Ericka.Eldrid@yopmail.com,Ericka.Eldrid@gmail.com,developer
823,Frank,Horan,Frank.Horan@yopmail.com,Frank.Horan@gmail.com,worker
824,Consuela,Papageno,Consuela.Papageno@yopmail.com,Consuela.Papageno@gmail.com,police officer
825,Brena,Gunn,Brena.Gunn@yopmail.com,Brena.Gunn@gmail.com,police officer
826,Lonnie,Vins,Lonnie.Vins@yopmail.com,Lonnie.Vins@gmail.com,developer
827,Joy,Simmonds,Joy.Simmonds@yopmail.com,Joy.Simmonds@gmail.com,firefighter
828,Basia,Lowry,Basia.Lowry@yopmail.com,Basia.Lowry@gmail.com,worker
829,Sheelagh,Bevin,Sheelagh.Bevin@yopmail.com,Sheelagh.Bevin@gmail.com,firefighter
830,Tilly,Callista,Tilly.Callista@yopmail.com,Tilly.Callista@gmail.com,developer
831,Cassondra,Glovsky,Cassondra.Glovsky@yopmail.com,Cassondra.Glovsky@gmail.com,worker
832,Emma,Ethban,Emma.Ethban@yopmail.com,Emma.Ethban@gmail.com,worker
833,Jsandye,Clywd,Jsandye.Clywd@yopmail.com,Jsandye.Clywd@gmail.com,developer
834,Lusa,Caitlin,Lusa.Caitlin@yopmail.com,Lusa.Caitlin@gmail.com,police officer
835,Nicoli,Trinetta,Nicoli.Trinetta@yopmail.com,Nicoli.Trinetta@gmail.com,firefighter
836,Ofilia,Pettiford,Ofilia.Pettiford@yopmail.com,Ofilia.Pettiford@gmail.com,police officer
837,Alexine,Greenwald,Alexine.Greenwald@yopmail.com,Alexine.Greenwald@gmail.com,doctor
838,Almeta,Han,Almeta.Han@yopmail.com,Almeta.Han@gmail.com,developer
839,Gusella,Salchunas,Gusella.Salchunas@yopmail.com,Gusella.Salchunas@gmail.com,firefighter
840,Marcelline,Malanie,Marcelline.Malanie@yopmail.com,Marcelline.Malanie@gmail.com,doctor
841,Aurore,Minetta,Aurore.Minetta@yopmail.com,Aurore.Minetta@gmail.com,developer
842,Cyb,Adalbert,Cyb.Adalbert@yopmail.com,Cyb.Adalbert@gmail.com,police officer
843,Shandie,Reinke,Shandie.Reinke@yopmail.com,Shandie.Reinke@gmail.com,doctor
844,Nonnah,Gilbertson,Nonnah.Gilbertson@yopmail.com,Nonnah.Gilbertson@gmail.com,doctor
845,Ira,Salchunas,Ira.Salchunas@yopmail.com,Ira.Salchunas@gmail.com,police officer
846,Gerrie,Etom,Gerrie.Etom@yopmail.com,Gerrie.Etom@gmail.com,police officer
847,Wilma,Terencio,Wilma.Terencio@yopmail.com,Wilma.Terencio@gmail.com,worker
848,Elora,Soneson,Elora.Soneson@yopmail.com,Elora.Soneson@gmail.com,developer
849,Claudina,Shuler,Claudina.Shuler@yopmail.com,Claudina.Shuler@gmail.com,police officer
850,Lolita,Andrel,Lolita.Andrel@yopmail.com,Lolita.Andrel@gmail.com,developer
851,Alameda,Fillbert,Alameda.Fillbert@yopmail.com,Alameda.Fillbert@gmail.com,developer
852,Brana,My,Brana.My@yopmail.com,Brana.My@gmail.com,worker
853,Melisent,Ursulette,Melisent.Ursulette@yopmail.com,Melisent.Ursulette@gmail.com,doctor
854,Tatiania,Hashim,Tatiania.Hashim@yopmail.com,Tatiania.Hashim@gmail.com,worker
855,Kathy,Jacinda,Kathy.Jacinda@yopmail.com,Kathy.Jacinda@gmail.com,developer
856,Vinita,Read,Vinita.Read@yopmail.com,Vinita.Read@gmail.com,developer
857,Fanny,Amethist,Fanny.Amethist@yopmail.com,Fanny.Amethist@gmail.com,developer
858,Delilah,Mehalek,Delilah.Mehalek@yopmail.com,Delilah.Mehalek@gmail.com,worker
859,Britni,Jeanne,Britni.Jeanne@yopmail.com,Britni.Jeanne@gmail.com,firefighter
860,Harrietta,Lilas,Harrietta.Lilas@yopmail.com,Harrietta.Lilas@gmail.com,developer
861,Jorry,Sprage,Jorry.Sprage@yopmail.com,Jorry.Sprage@gmail.com,developer
862,Yvonne,Mehalek,Yvonne.Mehalek@yopmail.com,Yvonne.Mehalek@gmail.com,doctor
863,Sashenka,Arquit,Sashenka.Arquit@yopmail.com,Sashenka.Arquit@gmail.com,firefighter
864,Gertrud,Ardeha,Gertrud.Ardeha@yopmail.com,Gertrud.Ardeha@gmail.com,firefighter
865,Ninnetta,Nickola,Ninnetta.Nickola@yopmail.com,Ninnetta.Nickola@gmail.com,developer
866,Zondra,Karna,Zondra.Karna@yopmail.com,Zondra.Karna@gmail.com,developer
867,Mariann,Yusuk,Mariann.Yusuk@yopmail.com,Mariann.Yusuk@gmail.com,worker
868,Mureil,Phi,Mureil.Phi@yopmail.com,Mureil.Phi@gmail.com,police officer
869,Robinia,Diogenes,Robinia.Diogenes@yopmail.com,Robinia.Diogenes@gmail.com,firefighter
870,Miquela,Daveta,Miquela.Daveta@yopmail.com,Miquela.Daveta@gmail.com,doctor
871,Josephine,Larochelle,Josephine.Larochelle@yopmail.com,Josephine.Larochelle@gmail.com,worker
872,Feliza,Hutchison,Feliza.Hutchison@yopmail.com,Feliza.Hutchison@gmail.com,police officer
873,Ericka,Eliathas,Ericka.Eliathas@yopmail.com,Ericka.Eliathas@gmail.com,developer
874,Suzette,Jefferey,Suzette.Jefferey@yopmail.com,Suzette.Jefferey@gmail.com,doctor
875,Deane,Gerge,Deane.Gerge@yopmail.com,Deane.Gerge@gmail.com,police officer
876,Lucy,Stacy,Lucy.Stacy@yopmail.com,Lucy.Stacy@gmail.com,developer
877,Miquela,Urias,Miquela.Urias@yopmail.com,Miquela.Urias@gmail.com,worker
878,Aurore,Gaynor,Aurore.Gaynor@yopmail.com,Aurore.Gaynor@gmail.com,police officer
879,Shaine,Alice,Shaine.Alice@yopmail.com,Shaine.Alice@gmail.com,worker
880,Beverley,Berriman,Beverley.Berriman@yopmail.com,Beverley.Berriman@gmail.com,firefighter
881,Elka,Maryanne,Elka.Maryanne@yopmail.com,Elka.Maryanne@gmail.com,firefighter
882,Alia,Alabaster,Alia.Alabaster@yopmail.com,Alia.Alabaster@gmail.com,police officer
883,Bernardine,Adrienne,Bernardine.Adrienne@yopmail.com,Bernardine.Adrienne@gmail.com,developer
884,Courtnay,Liva,Courtnay.Liva@yopmail.com,Courtnay.Liva@gmail.com,firefighter
885,Renie,Raseda,Renie.Raseda@yopmail.com,Renie.Raseda@gmail.com,doctor
886,Henriette,Pyle,Henriette.Pyle@yopmail.com,Henriette.Pyle@gmail.com,developer
887,Desirae,Aaberg,Desirae.Aaberg@yopmail.com,Desirae.Aaberg@gmail.com,developer
888,Sean,Hylan,Sean.Hylan@yopmail.com,Sean.Hylan@gmail.com,firefighter
889,Elvira,Georas,Elvira.Georas@yopmail.com,Elvira.Georas@gmail.com,doctor
890,Elora,Reneta,Elora.Reneta@yopmail.com,Elora.Reneta@gmail.com,firefighter
891,Jaime,Ellord,Jaime.Ellord@yopmail.com,Jaime.Ellord@gmail.com,worker
892,Marnia,Andrel,Marnia.Andrel@yopmail.com,Marnia.Andrel@gmail.com,developer
893,Leontine,Yerkovich,Leontine.Yerkovich@yopmail.com,Leontine.Yerkovich@gmail.com,developer
894,Ruthe,Maisey,Ruthe.Maisey@yopmail.com,Ruthe.Maisey@gmail.com,firefighter
895,Alexine,Trey,Alexine.Trey@yopmail.com,Alexine.Trey@gmail.com,doctor
896,Catharine,Breed,Catharine.Breed@yopmail.com,Catharine.Breed@gmail.com,firefighter
897,Wileen,Hortensia,Wileen.Hortensia@yopmail.com,Wileen.Hortensia@gmail.com,worker
898,Ardeen,Carbo,Ardeen.Carbo@yopmail.com,Ardeen.Carbo@gmail.com,developer
899,Belva,Thomasina,Belva.Thomasina@yopmail.com,Belva.Thomasina@gmail.com,worker
900,Aaren,Lowry,Aaren.Lowry@yopmail.com,Aaren.Lowry@gmail.com,developer
901,Alexine,Rad,Alexine.Rad@yopmail.com,Alexine.Rad@gmail.com,police officer
902,Dale,Anis,Dale.Anis@yopmail.com,Dale.Anis@gmail.com,police officer
903,Tersina,Jess,Tersina.Jess@yopmail.com,Tersina.Jess@gmail.com,worker
904,Winifred,Prouty,Winifred.Prouty@yopmail.com,Winifred.Prouty@gmail.com,firefighter
905,June,Gemini,June.Gemini@yopmail.com,June.Gemini@gmail.com,police officer
906,Agathe,Mandler,Agathe.Mandler@yopmail.com,Agathe.Mandler@gmail.com,doctor
907,Queenie,Corilla,Queenie.Corilla@yopmail.com,Queenie.Corilla@gmail.com,worker
908,Catharine,Presber,Catharine.Presber@yopmail.com,Catharine.Presber@gmail.com,firefighter
909,Lynde,Sallyann,Lynde.Sallyann@yopmail.com,Lynde.Sallyann@gmail.com,police officer
910,Myrtice,Llovera,Myrtice.Llovera@yopmail.com,Myrtice.Llovera@gmail.com,developer
911,Devina,Ackerley,Devina.Ackerley@yopmail.com,Devina.Ackerley@gmail.com,firefighter
912,Madalyn,Anis,Madalyn.Anis@yopmail.com,Madalyn.Anis@gmail.com,worker
913,Carilyn,Maroney,Carilyn.Maroney@yopmail.com,Carilyn.Maroney@gmail.com,worker
914,Sashenka,Hunfredo,Sashenka.Hunfredo@yopmail.com,Sashenka.Hunfredo@gmail.com,firefighter
915,Shaylyn,Dahlia,Shaylyn.Dahlia@yopmail.com,Shaylyn.Dahlia@gmail.com,doctor
916,Elbertina,Engdahl,Elbertina.Engdahl@yopmail.com,Elbertina.Engdahl@gmail.com,police officer
917,Melanie,Carbo,Melanie.Carbo@yopmail.com,Melanie.Carbo@gmail.com,police officer
918,Rosanne,Jena,Rosanne.Jena@yopmail.com,Rosanne.Jena@gmail.com,doctor
919,Fina,Kellby,Fina.Kellby@yopmail.com,Fina.Kellby@gmail.com,firefighter
920,Vere,Wenoa,Vere.Wenoa@yopmail.com,Vere.Wenoa@gmail.com,police officer
921,Fayre,Ball,Fayre.Ball@yopmail.com,Fayre.Ball@gmail.com,police officer
922,Allyce,Tillford,Allyce.Tillford@yopmail.com,Allyce.Tillford@gmail.com,worker
923,Doralynne,Yusuk,Doralynne.Yusuk@yopmail.com,Doralynne.Yusuk@gmail.com,developer
924,Kaja,Faso,Kaja.Faso@yopmail.com,Kaja.Faso@gmail.com,worker
925,Desirae,Ciro,Desirae.Ciro@yopmail.com,Desirae.Ciro@gmail.com,firefighter
926,Dulce,Irmine,Dulce.Irmine@yopmail.com,Dulce.Irmine@gmail.com,developer
927,Taffy,Jeanne,Taffy.Jeanne@yopmail.com,Taffy.Jeanne@gmail.com,worker
928,Nannie,Obed,Nannie.Obed@yopmail.com,Nannie.Obed@gmail.com,firefighter
929,Amara,Lareena,Amara.Lareena@yopmail.com,Amara.Lareena@gmail.com,police officer
930,Lesly,Colleen,Lesly.Colleen@yopmail.com,Lesly.Colleen@gmail.com,police officer
931,Tomasina,Read,Tomasina.Read@yopmail.com,Tomasina.Read@gmail.com,doctor
932,Kate,Concha,Kate.Concha@yopmail.com,Kate.Concha@gmail.com,police officer
933,Aubrie,Bronk,Aubrie.Bronk@yopmail.com,Aubrie.Bronk@gmail.com,worker
934,Ashlee,Markman,Ashlee.Markman@yopmail.com,Ashlee.Markman@gmail.com,firefighter
935,Larine,Lilybelle,Larine.Lilybelle@yopmail.com,Larine.Lilybelle@gmail.com,doctor
936,Hermione,Vittoria,Hermione.Vittoria@yopmail.com,Hermione.Vittoria@gmail.com,developer
937,Brietta,Ilka,Brietta.Ilka@yopmail.com,Brietta.Ilka@gmail.com,police officer
938,Krystle,Raychel,Krystle.Raychel@yopmail.com,Krystle.Raychel@gmail.com,police officer
939,Teriann,Aaberg,Teriann.Aaberg@yopmail.com,Teriann.Aaberg@gmail.com,doctor
940,Aigneis,Gherardo,Aigneis.Gherardo@yopmail.com,Aigneis.Gherardo@gmail.com,police officer
941,Nelle,Sammons,Nelle.Sammons@yopmail.com,Nelle.Sammons@gmail.com,firefighter
942,Bill,Bultman,Bill.Bultman@yopmail.com,Bill.Bultman@gmail.com,police officer
943,Trudie,Emerson,Trudie.Emerson@yopmail.com,Trudie.Emerson@gmail.com,doctor
944,Marline,Bertold,Marline.Bertold@yopmail.com,Marline.Bertold@gmail.com,doctor
945,Glynnis,Teryn,Glynnis.Teryn@yopmail.com,Glynnis.Teryn@gmail.com,worker
946,Heddie,Duwalt,Heddie.Duwalt@yopmail.com,Heddie.Duwalt@gmail.com,developer
947,Kristan,Afton,Kristan.Afton@yopmail.com,Kristan.Afton@gmail.com,police officer
948,Marylou,Mallon,Marylou.Mallon@yopmail.com,Marylou.Mallon@gmail.com,doctor
949,Trudie,Vharat,Trudie.Vharat@yopmail.com,Trudie.Vharat@gmail.com,doctor
950,Sonni,Mathilde,Sonni.Mathilde@yopmail.com,Sonni.Mathilde@gmail.com,developer
951,Ulrike,Manolo,Ulrike.Manolo@yopmail.com,Ulrike.Manolo@gmail.com,police officer
952,Netty,Amadas,Netty.Amadas@yopmail.com,Netty.Amadas@gmail.com,developer
953,Therine,Yate,Therine.Yate@yopmail.com,Therine.Yate@gmail.com,worker
954,Eve,Rosalba,Eve.Rosalba@yopmail.com,Eve.Rosalba@gmail.com,worker
955,Raquela,Byrne,Raquela.Byrne@yopmail.com,Raquela.Byrne@gmail.com,firefighter
956,Roz,Georas,Roz.Georas@yopmail.com,Roz.Georas@gmail.com,developer
957,Shirlee,Zenas,Shirlee.Zenas@yopmail.com,Shirlee.Zenas@gmail.com,firefighter
958,Tierney,Infield,Tierney.Infield@yopmail.com,Tierney.Infield@gmail.com,firefighter
959,Linet,Holtz,Linet.Holtz@yopmail.com,Linet.Holtz@gmail.com,police officer
960,Letizia,Helve,Letizia.Helve@yopmail.com,Letizia.Helve@gmail.com,doctor
961,Sharai,Frodi,Sharai.Frodi@yopmail.com,Sharai.Frodi@gmail.com,worker
962,Briney,Percy,Briney.Percy@yopmail.com,Briney.Percy@gmail.com,doctor
963,Camile,Oneida,Camile.Oneida@yopmail.com,Camile.Oneida@gmail.com,police officer
964,Paule,Astra,Paule.Astra@yopmail.com,Paule.Astra@gmail.com,doctor
965,Pierette,Gemini,Pierette.Gemini@yopmail.com,Pierette.Gemini@gmail.com,developer
966,Eolanda,Telfer,Eolanda.Telfer@yopmail.com,Eolanda.Telfer@gmail.com,firefighter
967,Ayn,Jillane,Ayn.Jillane@yopmail.com,Ayn.Jillane@gmail.com,doctor
968,Anestassia,Lory,Anestassia.Lory@yopmail.com,Anestassia.Lory@gmail.com,developer
969,Miquela,Sherfield,Miquela.Sherfield@yopmail.com,Miquela.Sherfield@gmail.com,doctor
970,Michaelina,Vivle,Michaelina.Vivle@yopmail.com,Michaelina.Vivle@gmail.com,doctor
971,Micheline,Hanshaw,Micheline.Hanshaw@yopmail.com,Micheline.Hanshaw@gmail.com,firefighter
972,Susette,Evvie,Susette.Evvie@yopmail.com,Susette.Evvie@gmail.com,police officer
973,Gratia,Seumas,Gratia.Seumas@yopmail.com,Gratia.Seumas@gmail.com,developer
974,Albertina,Gladstone,Albertina.Gladstone@yopmail.com,Albertina.Gladstone@gmail.com,police officer
975,Ekaterina,Kazimir,Ekaterina.Kazimir@yopmail.com,Ekaterina.Kazimir@gmail.com,doctor
976,Elsie,Whiffen,Elsie.Whiffen@yopmail.com,Elsie.Whiffen@gmail.com,developer
977,Dorothy,Solitta,Dorothy.Solitta@yopmail.com,Dorothy.Solitta@gmail.com,worker
978,Fred,Malanie,Fred.Malanie@yopmail.com,Fred.Malanie@gmail.com,firefighter
979,Susan,Swanhildas,Susan.Swanhildas@yopmail.com,Susan.Swanhildas@gmail.com,police officer
980,Britni,Sibyls,Britni.Sibyls@yopmail.com,Britni.Sibyls@gmail.com,developer
981,Vere,Bohlin,Vere.Bohlin@yopmail.com,Vere.Bohlin@gmail.com,developer
982,Valera,Kalinda,Valera.Kalinda@yopmail.com,Valera.Kalinda@gmail.com,developer
983,Patricia,Even,Patricia.Even@yopmail.com,Patricia.Even@gmail.com,firefighter
984,Modestia,Brenn,Modestia.Brenn@yopmail.com,Modestia.Brenn@gmail.com,doctor
985,Mariann,Delacourt,Mariann.Delacourt@yopmail.com,Mariann.Delacourt@gmail.com,police officer
986,Brana,Karna,Brana.Karna@yopmail.com,Brana.Karna@gmail.com,firefighter
987,Lolita,Carvey,Lolita.Carvey@yopmail.com,Lolita.Carvey@gmail.com,police officer
988,Aubrie,Wolfgram,Aubrie.Wolfgram@yopmail.com,Aubrie.Wolfgram@gmail.com,worker
989,Dolli,Wattenberg,Dolli.Wattenberg@yopmail.com,Dolli.Wattenberg@gmail.com,developer
990,Selia,Idelia,Selia.Idelia@yopmail.com,Selia.Idelia@gmail.com,worker
991,Evaleen,Westphal,Evaleen.Westphal@yopmail.com,Evaleen.Westphal@gmail.com,police officer
992,Katharina,Sholley,Katharina.Sholley@yopmail.com,Katharina.Sholley@gmail.com,worker
993,Claresta,Jenness,Claresta.Jenness@yopmail.com,Claresta.Jenness@gmail.com,police officer
994,Kalina,Vary,Kalina.Vary@yopmail.com,Kalina.Vary@gmail.com,worker
995,Wilma,Goth,Wilma.Goth@yopmail.com,Wilma.Goth@gmail.com,firefighter
996,Jsandye,Bashemeth,Jsandye.Bashemeth@yopmail.com,Jsandye.Bashemeth@gmail.com,worker
997,Gavrielle,Hoenack,Gavrielle.Hoenack@yopmail.com,Gavrielle.Hoenack@gmail.com,police officer
998,Sara-Ann,Barney,Sara-Ann.Barney@yopmail.com,Sara-Ann.Barney@gmail.com,developer
999,Taffy,Mozelle,Taffy.Mozelle@yopmail.com,Taffy.Mozelle@gmail.com,doctor
1000,Mallory,Bevin,Mallory.Bevin@yopmail.com,Mallory.Bevin@gmail.com,firefighter
1001,Dorene,Ovid,Dorene.Ovid@yopmail.com,Dorene.Ovid@gmail.com,worker
1002,Chastity,Thunell,Chastity.Thunell@yopmail.com,Chastity.Thunell@gmail.com,worker
1003,Tersina,Presber,Tersina.Presber@yopmail.com,Tersina.Presber@gmail.com,doctor
1004,Drucie,Kiyoshi,Drucie.Kiyoshi@yopmail.com,Drucie.Kiyoshi@gmail.com,doctor
1005,Carolina,Killigrew,Carolina.Killigrew@yopmail.com,Carolina.Killigrew@gmail.com,worker
1006,Jessy,Sheng,Jessy.Sheng@yopmail.com,Jessy.Sheng@gmail.com,firefighter
1007,Eugine,Amethist,Eugine.Amethist@yopmail.com,Eugine.Amethist@gmail.com,developer
1008,Lizzie,Joeann,Lizzie.Joeann@yopmail.com,Lizzie.Joeann@gmail.com,worker
1009,Zsa Zsa,Leler,Zsa Zsa.Leler@yopmail.com,Zsa Zsa.Leler@gmail.com,police officer
1010,Molli,Dearborn,Molli.Dearborn@yopmail.com,Molli.Dearborn@gmail.com,worker
1011,Sara-Ann,Zaslow,Sara-Ann.Zaslow@yopmail.com,Sara-Ann.Zaslow@gmail.com,worker
1012,Ricky,Tice,Ricky.Tice@yopmail.com,Ricky.Tice@gmail.com,police officer
1013,Rhoda,Urania,Rhoda.Urania@yopmail.com,Rhoda.Urania@gmail.com,police officer
1014,Elise,Zitvaa,Elise.Zitvaa@yopmail.com,Elise.Zitvaa@gmail.com,doctor
1015,Aimil,Dosia,Aimil.Dosia@yopmail.com,Aimil.Dosia@gmail.com,police officer
1016,Myriam,Haldas,Myriam.Haldas@yopmail.com,Myriam.Haldas@gmail.com,police officer
1017,Addia,Oriana,Addia.Oriana@yopmail.com,Addia.Oriana@gmail.com,police officer
1018,Lynea,Gamaliel,Lynea.Gamaliel@yopmail.com,Lynea.Gamaliel@gmail.com,developer
1019,Louella,Sprage,Louella.Sprage@yopmail.com,Louella.Sprage@gmail.com,firefighter
1020,Ida,Havens,Ida.Havens@yopmail.com,Ida.Havens@gmail.com,developer
1021,Gertrud,Tristram,Gertrud.Tristram@yopmail.com,Gertrud.Tristram@gmail.com,police officer
1022,Elfreda,Sholley,Elfreda.Sholley@yopmail.com,Elfreda.Sholley@gmail.com,firefighter
1023,Cindelyn,Daveta,Cindelyn.Daveta@yopmail.com,Cindelyn.Daveta@gmail.com,developer
1024,Candy,Sallyann,Candy.Sallyann@yopmail.com,Candy.Sallyann@gmail.com,developer
1025,Patricia,Iphlgenia,Patricia.Iphlgenia@yopmail.com,Patricia.Iphlgenia@gmail.com,police officer
1026,Meriel,Kirstin,Meriel.Kirstin@yopmail.com,Meriel.Kirstin@gmail.com,firefighter
1027,Tarra,Wu,Tarra.Wu@yopmail.com,Tarra.Wu@gmail.com,firefighter
1028,Monika,Byrne,Monika.Byrne@yopmail.com,Monika.Byrne@gmail.com,doctor
1029,Clarice,Telfer,Clarice.Telfer@yopmail.com,Clarice.Telfer@gmail.com,police officer
1030,Clo,Selway,Clo.Selway@yopmail.com,Clo.Selway@gmail.com,police officer
1031,Arabel,Ball,Arabel.Ball@yopmail.com,Arabel.Ball@gmail.com,developer
1032,Phedra,Decato,Phedra.Decato@yopmail.com,Phedra.Decato@gmail.com,developer
1033,Nessie,Regan,Nessie.Regan@yopmail.com,Nessie.Regan@gmail.com,doctor
1034,Debee,Jerold,Debee.Jerold@yopmail.com,Debee.Jerold@gmail.com,firefighter
1035,Rayna,Ezar,Rayna.Ezar@yopmail.com,Rayna.Ezar@gmail.com,doctor
1036,Roz,Thar,Roz.Thar@yopmail.com,Roz.Thar@gmail.com,developer
1037,Sonni,Gemini,Sonni.Gemini@yopmail.com,Sonni.Gemini@gmail.com,worker
1038,Sindee,Carmena,Sindee.Carmena@yopmail.com,Sindee.Carmena@gmail.com,developer
1039,Trixi,Erlandson,Trixi.Erlandson@yopmail.com,Trixi.Erlandson@gmail.com,doctor
1040,Georgetta,Gregrory,Georgetta.Gregrory@yopmail.com,Georgetta.Gregrory@gmail.com,developer
1041,Shannah,Shanley,Shannah.Shanley@yopmail.com,Shannah.Shanley@gmail.com,firefighter
1042,Misha,O'Rourke,Misha.O'Rourke@yopmail.com,Misha.O'Rourke@gmail.com,firefighter
1043,Angelique,Ovid,Angelique.Ovid@yopmail.com,Angelique.Ovid@gmail.com,doctor
1044,Genevra,Weinreb,Genevra.Weinreb@yopmail.com,Genevra.Weinreb@gmail.com,worker
1045,Tybie,Evvie,Tybie.Evvie@yopmail.com,Tybie.Evvie@gmail.com,developer
1046,Augustine,Jerold,Augustine.Jerold@yopmail.com,Augustine.Jerold@gmail.com,police officer
1047,Stevana,Sherfield,Stevana.Sherfield@yopmail.com,Stevana.Sherfield@gmail.com,worker
1048,Florie,Han,Florie.Han@yopmail.com,Florie.Han@gmail.com,worker
1049,Mahalia,Cressida,Mahalia.Cressida@yopmail.com,Mahalia.Cressida@gmail.com,police officer
1050,Merle,Alisia,Merle.Alisia@yopmail.com,Merle.Alisia@gmail.com,firefighter
1051,Di,Chabot,Di.Chabot@yopmail.com,Di.Chabot@gmail.com,doctor
1052,Alejandra,Cosenza,Alejandra.Cosenza@yopmail.com,Alejandra.Cosenza@gmail.com,doctor
1053,Ginnie,Pierette,Ginnie.Pierette@yopmail.com,Ginnie.Pierette@gmail.com,police officer
1054,Nickie,Simmonds,Nickie.Simmonds@yopmail.com,Nickie.Simmonds@gmail.com,doctor
1055,Romona,Stoller,Romona.Stoller@yopmail.com,Romona.Stoller@gmail.com,developer
1056,Hildegaard,Juliet,Hildegaard.Juliet@yopmail.com,Hildegaard.Juliet@gmail.com,police officer
1057,Nananne,Alva,Nananne.Alva@yopmail.com,Nananne.Alva@gmail.com,developer
1058,Letizia,Ingra,Letizia.Ingra@yopmail.com,Letizia.Ingra@gmail.com,worker
1059,Xylina,Mayeda,Xylina.Mayeda@yopmail.com,Xylina.Mayeda@gmail.com,worker
1060,Ofilia,Dorothy,Ofilia.Dorothy@yopmail.com,Ofilia.Dorothy@gmail.com,firefighter
1061,Susan,Christine,Susan.Christine@yopmail.com,Susan.Christine@gmail.com,worker
1062,Marika,Donoghue,Marika.Donoghue@yopmail.com,Marika.Donoghue@gmail.com,developer
1063,Ulrike,Nelsen,Ulrike.Nelsen@yopmail.com,Ulrike.Nelsen@gmail.com,developer
1064,Belva,Weaks,Belva.Weaks@yopmail.com,Belva.Weaks@gmail.com,worker
1065,Gabriellia,Alabaster,Gabriellia.Alabaster@yopmail.com,Gabriellia.Alabaster@gmail.com,police officer
1066,Kenna,Rustice,Kenna.Rustice@yopmail.com,Kenna.Rustice@gmail.com,firefighter
1067,Kara-Lynn,Erskine,Kara-Lynn.Erskine@yopmail.com,Kara-Lynn.Erskine@gmail.com,firefighter
1068,Jessamyn,Pozzy,Jessamyn.Pozzy@yopmail.com,Jessamyn.Pozzy@gmail.com,firefighter
1069,Glynnis,Hartnett,Glynnis.Hartnett@yopmail.com,Glynnis.Hartnett@gmail.com,police officer
1070,Elbertina,Ventre,Elbertina.Ventre@yopmail.com,Elbertina.Ventre@gmail.com,worker
1071,Ermengarde,Burch,Ermengarde.Burch@yopmail.com,Ermengarde.Burch@gmail.com,firefighter
1072,Winny,Margarete,Winny.Margarete@yopmail.com,Winny.Margarete@gmail.com,police officer
1073,Mildrid,Annice,Mildrid.Annice@yopmail.com,Mildrid.Annice@gmail.com,firefighter
1074,Adore,Pierette,Adore.Pierette@yopmail.com,Adore.Pierette@gmail.com,worker
1075,Corene,Sharl,Corene.Sharl@yopmail.com,Corene.Sharl@gmail.com,developer
1076,Ruthe,Georgy,Ruthe.Georgy@yopmail.com,Ruthe.Georgy@gmail.com,developer
1077,Cecile,Khorma,Cecile.Khorma@yopmail.com,Cecile.Khorma@gmail.com,firefighter
1078,Minne,Schroth,Minne.Schroth@yopmail.com,Minne.Schroth@gmail.com,worker
1079,Patricia,Selway,Patricia.Selway@yopmail.com,Patricia.Selway@gmail.com,police officer
1080,Fidelia,Karylin,Fidelia.Karylin@yopmail.com,Fidelia.Karylin@gmail.com,doctor
1081,Ariela,Egbert,Ariela.Egbert@yopmail.com,Ariela.Egbert@gmail.com,police officer
1082,Roz,Dimitris,Roz.Dimitris@yopmail.com,Roz.Dimitris@gmail.com,developer
1083,Kary,Dorcy,Kary.Dorcy@yopmail.com,Kary.Dorcy@gmail.com,doctor
1084,Doralynne,Vale,Doralynne.Vale@yopmail.com,Doralynne.Vale@gmail.com,police officer
1085,Nessie,Naashom,Nessie.Naashom@yopmail.com,Nessie.Naashom@gmail.com,developer
1086,Candy,Estella,Candy.Estella@yopmail.com,Candy.Estella@gmail.com,firefighter
1087,Ginnie,Ball,Ginnie.Ball@yopmail.com,Ginnie.Ball@gmail.com,doctor
1088,Beverley,Nahum,Beverley.Nahum@yopmail.com,Beverley.Nahum@gmail.com,worker
1089,Kary,Dex,Kary.Dex@yopmail.com,Kary.Dex@gmail.com,doctor
1090,Dode,Alwin,Dode.Alwin@yopmail.com,Dode.Alwin@gmail.com,firefighter
1091,Aigneis,Meter,Aigneis.Meter@yopmail.com,Aigneis.Meter@gmail.com,developer
1092,Jacquetta,Malanie,Jacquetta.Malanie@yopmail.com,Jacquetta.Malanie@gmail.com,developer
1093,Sarette,Gaulin,Sarette.Gaulin@yopmail.com,Sarette.Gaulin@gmail.com,police officer
1094,Madeleine,Laverne,Madeleine.Laverne@yopmail.com,Madeleine.Laverne@gmail.com,police officer
1095,Jenilee,Velick,Jenilee.Velick@yopmail.com,Jenilee.Velick@gmail.com,developer
1096,Marsiella,Cornelia,Marsiella.Cornelia@yopmail.com,Marsiella.Cornelia@gmail.com,worker
1097,Dyann,Blase,Dyann.Blase@yopmail.com,Dyann.Blase@gmail.com,police officer
1098,Flo,Meter,Flo.Meter@yopmail.com,Flo.Meter@gmail.com,doctor
1099,Yvonne,Ledah,Yvonne.Ledah@yopmail.com,Yvonne.Ledah@gmail.com,developer