id,firstname,lastname,email,email2,profession
100,Peri,Brackely,Peri.Brackely@yopmail.com,Peri.Brackely@gmail.com,police officer
101,Halette,Lamoree,Halette.Lamoree@yopmail.com,Halette.Lamoree@gmail.com,doctor
102,Berta,Angelis,Berta.Angelis@yopmail.com,Berta.Angelis@gmail.com,doctor
103,Wileen,Wu,Wileen.Wu@yopmail.com,Wileen.Wu@gmail.com,worker
104,Glynnis,Shaddock,Glynnis.Shaddock@yopmail.com,Glynnis.Shaddock@gmail.com,worker
105,Alia,Maples,Alia.Maples@yopmail.com,Alia.Maples@gmail.com,doctor
106,Konstance,Kiersten,Konstance.Kiersten@yopmail.com,Konstance.Kiersten@gmail.com,firefighter
107,Dorene,Gilmour,Dorene.Gilmour@yopmail.com,Dorene.Gilmour@gmail.com,doctor
108,Jenda,Greyson,Jenda.Greyson@yopmail.com,Jenda.Greyson@gmail.com,doctor
109,Hallie,Lorenz,Hallie.Lorenz@yopmail.com,Hallie.Lorenz@gmail.com,worker
110,Aubrie,Luhe,Aubrie.Luhe@yopmail.com,Aubrie.Luhe@gmail.com,developer
111,Anica,Bandeen,Anica.Bandeen@yopmail.com,Anica.Bandeen@gmail.com,developer
112,Henriette,Dorine,Henriette.Dorine@yopmail.com,Henriette.Dorine@gmail.com,developer
113,Madeleine,Constancy,Madeleine.Constancy@yopmail.com,Madeleine.Constancy@gmail.com,firefighter
114,Malina,Primalia,Malina.Primalia@yopmail.com,Malina.Primalia@gmail.com,worker
115,Xylina,Toffic,Xylina.Toffic@yopmail.com,Xylina.Toffic@gmail.com,doctor
116,Anallese,Colp,Anallese.Colp@yopmail.com,Anallese.Colp@gmail.com,firefighter
117,Blinni,Imelida,Blinni.Imelida@yopmail.com,Blinni.Imelida@gmail.com,worker
118,Lynea,Ursulette,Lynea.Ursulette@yopmail.com,Lynea.Ursulette@gmail.com,developer
119,Emylee,Wolfgram,Emylee.Wolfgram@yopmail.com,Emylee.Wolfgram@gmail.com,doctor
120,Leia,Chandler,Leia.Chandler@yopmail.com,Leia.Chandler@gmail.com,worker
121,Atlanta,Yuille,Atlanta.Yuille@yopmail.com,Atlanta.Yuille@gmail.com,police officer
122,Nicoli,Norrie,Nicoli.Norrie@yopmail.com,Nicoli.Norrie@gmail.com,doctor
123,Ermengarde,Dash,Ermengarde.Dash@yopmail.com,Ermengarde.Dash@gmail.com,doctor
124,Dolli,Niles,Dolli.Niles@yopmail.com,Dolli.Niles@gmail.com,worker
125,Kelly,Rubie,Kelly.Rubie@yopmail.com,Kelly.Rubie@gmail.com,firefighter
126,Georgina,Terencio,Georgina.Terencio@yopmail.com,Georgina.Terencio@gmail.com,doctor
127,Kristan,Woodberry,Kristan.Woodberry@yopmail.com,Kristan.Woodberry@gmail.com,firefighter
128,Karena,Crudden,Karena.Crudden@yopmail.com,Karena.Crudden@gmail.com,doctor
129,Claresta,Soneson,Claresta.Soneson@yopmail.com,Claresta.Soneson@gmail.com,police officer
130,Libbie,Hollingsworth,Libbie.Hollingsworth@yopmail.com,Libbie.Hollingsworth@gmail.com,developer
131,Karlee,Carmena,Karlee.Carmena@yopmail.com,Karlee.Carmena@gmail.com,worker
132,Gertrud,Ashely,Gertrud.Ashely@yopmail.com,Gertrud.Ashely@gmail.com,doctor
133,Theodora,Blase,Theodora.Blase@yopmail.com,Theodora.Blase@gmail.com,police officer
134,Hermione,Stephie,Hermione.Stephie@yopmail.com,Hermione.Stephie@gmail.com,worker
135,Myriam,Gusella,Myriam.Gusella@yopmail.com,Myriam.Gusella@gmail.com,police officer
136,Inga,Teryn,Inga.Teryn@yopmail.com,Inga.Teryn@gmail.com,firefighter
137,Tybie,Hylan,Tybie.Hylan@yopmail.com,Tybie.Hylan@gmail.com,doctor
138,Viki,Margarete,Viki.Margarete@yopmail.com,Viki.Margarete@gmail.com,doctor
139,Fawne,Melleta,Fawne.Melleta@yopmail.com,Fawne.Melleta@gmail.com,police officer
140,Ira,Silvan,Ira.Silvan@yopmail.com,Ira.Silvan@gmail.com,developer
141,Cissiee,Alfons,Cissiee.Alfons@yopmail.com,Cissiee.Alfons@gmail.com,worker
142,Doralynne,Lutero,Doralynne.Lutero@yopmail.com,Doralynne.Lutero@gmail.com,police officer
143,Sarette,Croix,Sarette.Croix@yopmail.com,Sarette.Croix@gmail.com,police officer
144,Konstance,Dunkin,Konstance.Dunkin@yopmail.com,Konstance.Dunkin@gmail.com,developer
145,Lelah,Orelee,Lelah.Orelee@yopmail.com,Lelah.Orelee@gmail.com,doctor
146,Dione,Dex,Dione.Dex@yopmail.com,Dione.Dex@gmail.com,firefighter
147,Helena,An,Helena.An@yopmail.com,Helena.An@gmail.com,police officer
148,Ashlee,Schwejda,Ashlee.Schwejda@yopmail.com,Ashlee.Schwejda@gmail.com,firefighter
149,Di,Skurnik,Di.Skurnik@yopmail.com,Di.Skurnik@gmail.com,police officer
150,Talya,Konyn,Talya.Konyn@yopmail.com,Talya.Konyn@gmail.com,police officer
151,Dulcinea,Shirberg,Dulcinea.Shirberg@yopmail.com,Dulcinea.Shirberg@gmail.com,worker
152,Anestassia,Urias,Anestassia.Urias@yopmail.com,Anestassia.Urias@gmail.com,firefighter
153,Tami,Lumbard,Tami.Lumbard@yopmail.com,Tami.Lumbard@gmail.com,developer
154,Trixi,Elisha,Trixi.Elisha@yopmail.com,Trixi.Elisha@gmail.com,worker
155,Hermione,Tound,Hermione.Tound@yopmail.com,Hermione.Tound@gmail.com,doctor
156,Gretal,Bollay,Gretal.Bollay@yopmail.com,Gretal.Bollay@gmail.com,worker
157,Marguerite,Obed,Marguerite.Obed@yopmail.com,Marguerite.Obed@gmail.com,police officer
158,Randa,Boycey,Randa.Boycey@yopmail.com,Randa.Boycey@gmail.com,doctor
159,Nariko,Autrey,Nariko.Autrey@yopmail.com,Nariko.Autrey@gmail.com,developer
160,Danny,Smitt,Danny.Smitt@yopmail.com,Danny.Smitt@gmail.com,doctor
161,Ilse,Marcellus,Ilse.Marcellus@yopmail.com,Ilse.Marcellus@gmail.com,firefighter
162,Ardeen,Lane,Ardeen.Lane@yopmail.com,Ardeen.Lane@gmail.com,developer
163,Petronia,Pernick,Petronia.Pernick@yopmail.com,Petronia.Pernick@gmail.com,police officer
164,Nanete,Lipson,Nanete.Lipson@yopmail.com,Nanete.Lipson@gmail.com,developer
165,Jillayne,Artie,Jillayne.Artie@yopmail.com,Jillayne.Artie@gmail.com,doctor
166,Cecile,Pearse,Cecile.Pearse@yopmail.com,Cecile.Pearse@gmail.com,doctor
167,Kore,Sawtelle,Kore.Sawtelle@yopmail.com,Kore.Sawtelle@gmail.com,police officer
168,Kathi,Martsen,Kathi.Martsen@yopmail.com,Kathi.Martsen@gmail.com,police officer
169,Tera,Tamar,Tera.Tamar@yopmail.com,Tera.Tamar@gmail.com,firefighter
170,Bertine,Mendez,Bertine.Mendez@yopmail.com,Bertine.Mendez@gmail.com,police officer
171,Goldie,Juliet,Goldie.Juliet@yopmail.com,Goldie.Juliet@gmail.com,developer
172,Augustine,Truc,Augustine.Truc@yopmail.com,Augustine.Truc@gmail.com,police officer
173,Nollie,Westphal,Nollie.Westphal@yopmail.com,Nollie.Westphal@gmail.com,developer
174,Florencia,Yoko,Florencia.Yoko@yopmail.com,Florencia.Yoko@gmail.com,worker
175,Esmeralda,Natalia,Esmeralda.Natalia@yopmail.com,Esmeralda.Natalia@gmail.com,firefighter
176,Jere,Solitta,Jere.Solitta@yopmail.com,Jere.Solitta@gmail.com,firefighter
177,Anica,Mott,Anica.Mott@yopmail.com,Anica.Mott@gmail.com,firefighter
178,Gusella,Rona,Gusella.Rona@yopmail.com,Gusella.Rona@gmail.com,worker
179,Nannie,Reneta,Nannie.Reneta@yopmail.com,Nannie.Reneta@gmail.com,worker
180,Anestassia,Yoko,Anestassia.Yoko@yopmail.com,Anestassia.Yoko@gmail.com,firefighter
181,Marsiella,Gaspard,Marsiella.Gaspard@yopmail.com,Marsiella.Gaspard@gmail.com,firefighter
182,Carol-Jean,Wareing,Carol-Jean.Wareing@yopmail.com,Carol-Jean.Wareing@gmail.com,doctor
183,Jorry,Bobbee,Jorry.Bobbee@yopmail.com,Jorry.Bobbee@gmail.com,worker
184,Daphne,Roxanna,Daphne.Roxanna@yopmail.com,Daphne.Roxanna@gmail.com,worker
185,Carmencita,McClimans,Carmencita.McClimans@yopmail.com,Carmencita.McClimans@gmail.com,police officer
186,Lyssa,Wu,Lyssa.Wu@yopmail.com,Lyssa.Wu@gmail.com,doctor
187,Orsola,Arquit,Orsola.Arquit@yopmail.com,Orsola.Arquit@gmail.com,doctor
188,Gerrie,Munn,Gerrie.Munn@yopmail.com,Gerrie.Munn@gmail.com,doctor
189,Penelopa,Soneson,Penelopa.Soneson@yopmail.com,Penelopa.Soneson@gmail.com,police officer
190,Beatriz,Kalinda,Beatriz.Kalinda@yopmail.com,Beatriz.Kalinda@gmail.com,doctor
191,Alyssa,Marisa,Alyssa.Marisa@yopmail.com,Alyssa.Marisa@gmail.com,developer
192,Jinny,Joeann,Jinny.Joeann@yopmail.com,Jinny.Joeann@gmail.com,firefighter
193,Nannie,Mauer,Nannie.Mauer@yopmail.com,Nannie.Mauer@gmail.com,worker
194,Dennie,Kolnick,Dennie.Kolnick@yopmail.com,Dennie.Kolnick@gmail.com,firefighter
195,Marita,Donell,Marita.Donell@yopmail.com,Marita.Donell@gmail.com,doctor
196,Theodora,Ellord,Theodora.Ellord@yopmail.com,Theodora.Ellord@gmail.com,police officer
197,Paola,Tamar,Paola.Tamar@yopmail.com,Paola.Tamar@gmail.com,developer
198,Stephanie,Seumas,Stephanie.Seumas@yopmail.com,Stephanie.Seumas@gmail.com,firefighter
199,Kylynn,Lucienne,Kylynn.Lucienne@yopmail.com,Kylynn.Lucienne@gmail.com,worker
200,Wanda,Glovsky,Wanda.Glovsky@yopmail.com,Wanda.Glovsky@gmail.com,firefighter
201,Katleen,Iaverne,Katleen.Iaverne@yopmail.com,Katleen.Iaverne@gmail.com,firefighter
202,Lonnie,Amadas,Lonnie.Amadas@yopmail.com,Lonnie.Amadas@gmail.com,worker
203,Leona,Ranjiv,Leona.Ranjiv@yopmail.com,Leona.Ranjiv@gmail.com,worker
204,Inga,Armanda,Inga.Armanda@yopmail.com,Inga.Armanda@gmail.com,worker
205,Emilia,Clarissa,Emilia.Clarissa@yopmail.com,Emilia.Clarissa@gmail.com,firefighter
206,Pamella,Krystle,Pamella.Krystle@yopmail.com,Pamella.Krystle@gmail.com,police officer
207,Elora,Goode,Elora.Goode@yopmail.com,Elora.Goode@gmail.com,police officer
208,Oralee,Moina,Oralee.Moina@yopmail.com,Oralee.Moina@gmail.com,developer
209,Tracey,Ehrman,Tracey.Ehrman@yopmail.com,Tracey.Ehrman@gmail.com,developer
210,Trixi,McNully,Trixi.McNully@yopmail.com,Trixi.McNully@gmail.com,developer
211,Corry,Merell,Corry.Merell@yopmail.com,Corry.Merell@gmail.com,doctor
212,Tamqrah,Rosalba,Tamqrah.Rosalba@yopmail.com,Tamqrah.Rosalba@gmail.com,police officer
213,Hallie,Francene,Hallie.Francene@yopmail.com,Hallie.Francene@gmail.com,worker
214,Myriam,Modie,Myriam.Modie@yopmail.com,Myriam.Modie@gmail.com,doctor
215,Malina,Pauly,Malina.Pauly@yopmail.com,Malina.Pauly@gmail.com,developer
216,Nerta,Tamar,Nerta.Tamar@yopmail.com,Nerta.Tamar@gmail.com,worker
217,Claresta,Bebe,Claresta.Bebe@yopmail.com,Claresta.Bebe@gmail.com,worker
218,Vinita,Maroney,Vinita.Maroney@yopmail.com,Vinita.Maroney@gmail.com,doctor
219,Chloris,Eachern,Chloris.Eachern@yopmail.com,Chloris.Eachern@gmail.com,firefighter
220,Quintina,Tengdin,Quintina.Tengdin@yopmail.com,Quintina.Tengdin@gmail.com,developer
221,Lorne,Frodi,Lorne.Frodi@yopmail.com,Lorne.Frodi@gmail.com,worker
222,Merci,Esmaria,Merci.Esmaria@yopmail.com,Merci.Esmaria@gmail.com,firefighter
223,Siana,Hortensia,Siana.Hortensia@yopmail.com,Siana.Hortensia@gmail.com,developer
224,Dione,Rubie,Dione.Rubie@yopmail.com,Dione.Rubie@gmail.com,police officer
225,Jerry,Dom,Jerry.Dom@yopmail.com,Jerry.Dom@gmail.com,police officer
226,Teriann,Goerke,Teriann.Goerke@yopmail.com,Teriann.Goerke@gmail.com,doctor
227,Tabbatha,Cressida,Tabbatha.Cressida@yopmail.com,Tabbatha.Cressida@gmail.com,police officer
228,Quintina,Hertzfeld,Quintina.Hertzfeld@yopmail.com,Quintina.Hertzfeld@gmail.com,developer
229,Sheree,Kimmie,Sheree.Kimmie@yopmail.com,Sheree.Kimmie@gmail.com,firefighter
230,Concettina,Ackerley,Concettina.Ackerley@yopmail.com,Concettina.Ackerley@gmail.com,police officer
231,Almeta,Belldas,Almeta.Belldas@yopmail.com,Almeta.Belldas@gmail.com,firefighter
232,Imojean,Slifka,Imojean.Slifka@yopmail.com,Imojean.Slifka@gmail.com,police officer
233,Ashlee,Anyah,Ashlee.Anyah@yopmail.com,Ashlee.Anyah@gmail.com,developer
234,Cecile,Naor,Cecile.Naor@yopmail.com,Cecile.Naor@gmail.com,firefighter
235,Yvonne,Gombach,Yvonne.Gombach@yopmail.com,Yvonne.Gombach@gmail.com,developer
236,Nita,Rugen,Nita.Rugen@yopmail.com,Nita.Rugen@gmail.com,police officer
237,Elka,Grimbly,Elka.Grimbly@yopmail.com,Elka.Grimbly@gmail.com,doctor
238,Marti,Parette,Marti.Parette@yopmail.com,Marti.Parette@gmail.com,police officer
239,Melanie,Stoller,Melanie.Stoller@yopmail.com,Melanie.Stoller@gmail.com,firefighter
240,Angelique,Jacinda,Angelique.Jacinda@yopmail.com,Angelique.Jacinda@gmail.com,doctor
241,Karly,Ophelia,Karly.Ophelia@yopmail.com,Karly.Ophelia@gmail.com,police officer
242,Aeriela,Tarrant,Aeriela.Tarrant@yopmail.com,Aeriela.Tarrant@gmail.com,worker
243,Brandise,Timon,Brandise.Timon@yopmail.com,Brandise.Timon@gmail.com,police officer
244,Cristabel,Eben,Cristabel.Eben@yopmail.com,Cristabel.Eben@gmail.com,worker
245,Daphne,Lilas,Daphne.Lilas@yopmail.com,Daphne.Lilas@gmail.com,police officer
246,Merry,Boehike,Merry.Boehike@yopmail.com,Merry.Boehike@gmail.com,doctor
247,Beverley,Bergman,Beverley.Bergman@yopmail.com,Beverley.Bergman@gmail.com,developer
248,Gale,Ingra,Gale.Ingra@yopmail.com,Gale.Ingra@gmail.com,worker
249,Louella,Peonir,Louella.Peonir@yopmail.com,Louella.Peonir@gmail.com,firefighter
250,Annaliese,Hillel,Annaliese.Hillel@yopmail.com,Annaliese.Hillel@gmail.com,developer
251,Lorne,Kaete,Lorne.Kaete@yopmail.com,Lorne.Kaete@gmail.com,developer
252,Jasmina,Leler,Jasmina.Leler@yopmail.com,Jasmina.Leler@gmail.com,doctor
253,Dotty,Ruvolo,Dotty.Ruvolo@yopmail.com,Dotty.Ruvolo@gmail.com,firefighter
254,Mara,Bouchard,Mara.Bouchard@yopmail.com,Mara.Bouchard@gmail.com,developer
255,Leanna,Weitman,Leanna.Weitman@yopmail.com,Leanna.Weitman@gmail.com,firefighter
256,Binny,Shanley,Binny.Shanley@yopmail.com,Binny.Shanley@gmail.com,police officer
257,Larine,Strephon,Larine.Strephon@yopmail.com,Larine.Strephon@gmail.com,firefighter
258,Marinna,Sigfrid,Marinna.Sigfrid@yopmail.com,Marinna.Sigfrid@gmail.com,firefighter
259,Anestassia,Marden,Anestassia.Marden@yopmail.com,Anestassia.Marden@gmail.com,firefighter
260,Tori,Toor,Tori.Toor@yopmail.com,Tori.Toor@gmail.com,doctor
261,Kate,Nore,Kate.Nore@yopmail.com,Kate.Nore@gmail.com,developer
262,Doro,Fleeta,Doro.Fleeta@yopmail.com,Doro.Fleeta@gmail.com,developer
263,Lesly,Kunin,Lesly.Kunin@yopmail.com,Lesly.Kunin@gmail.com,worker
264,Lucille,Santoro,Lucille.Santoro@yopmail.com,Lucille.Santoro@gmail.com,police officer
265,Christal,Gerge,Christal.Gerge@yopmail.com,Christal.Gerge@gmail.com,firefighter
266,Max,Hermes,Max.Hermes@yopmail.com,Max.Hermes@gmail.com,developer
267,Steffane,Daniele,Steffane.Daniele@yopmail.com,Steffane.Daniele@gmail.com,police officer
268,Sidoney,Francene,Sidoney.Francene@yopmail.com,Sidoney.Francene@gmail.com,firefighter
269,Nita,Monaco,Nita.Monaco@yopmail.com,Nita.Monaco@gmail.com,doctor
270,Gertrud,Lasley,Gertrud.Lasley@yopmail.com,Gertrud.Lasley@gmail.com,firefighter
271,Florie,Alejoa,Florie.Alejoa@yopmail.com,Florie.Alejoa@gmail.com,doctor
272,Dorice,Joseph,Dorice.Joseph@yopmail.com,Dorice.Joseph@gmail.com,firefighter
273,Nananne,Arley,Nananne.Arley@yopmail.com,Nananne.Arley@gmail.com,doctor
274,Frances,Bandeen,Frances.Bandeen@yopmail.com,Frances.Bandeen@gmail.com,doctor
275,Kerrin,Hedve,Kerrin.Hedve@yopmail.com,Kerrin.Hedve@gmail.com,worker
276,Rebeca,Morgun,Rebeca.Morgun@yopmail.com,Rebeca.Morgun@gmail.com,doctor
277,Harmonia,Whittaker,Harmonia.Whittaker@yopmail.com,Harmonia.Whittaker@gmail.com,firefighter
278,Joelly,Nerita,Joelly.Nerita@yopmail.com,Joelly.Nerita@gmail.com,police officer
279,Deirdre,Mike,Deirdre.Mike@yopmail.com,Deirdre.Mike@gmail.com,worker
280,Katuscha,Diann,Katuscha.Diann@yopmail.com,Katuscha.Diann@gmail.com,police officer
281,Millie,Nikaniki,Millie.Nikaniki@yopmail.com,Millie.Nikaniki@gmail.com,firefighter
282,Shaine,Corrine,Shaine.Corrine@yopmail.com,Shaine.Corrine@gmail.com,firefighter
283,Mahalia,Ailyn,Mahalia.Ailyn@yopmail.com,Mahalia.Ailyn@gmail.com,doctor
284,Quintina,Kaja,Quintina.Kaja@yopmail.com,Quintina.Kaja@gmail.com,developer
285,Frieda,Ummersen,Frieda.Ummersen@yopmail.com,Frieda.Ummersen@gmail.com,worker
286,Kerrin,Ellerey,Kerrin.Ellerey@yopmail.com,Kerrin.Ellerey@gmail.com,police officer
287,Lenna,Virgin,Lenna.Virgin@yopmail.com,Lenna.Virgin@gmail.com,worker
288,Hyacinthe,Vorster,Hyacinthe.Vorster@yopmail.com,Hyacinthe.Vorster@gmail.com,police officer
289,Gilda,Estella,Gilda.Estella@yopmail.com,Gilda.Estella@gmail.com,worker
290,Florie,Ummersen,Florie.Ummersen@yopmail.com,Florie.Ummersen@gmail.com,firefighter
291,Aimil,Bartlett,Aimil.Bartlett@yopmail.com,Aimil.Bartlett@gmail.com,firefighter
292,Sue,Cleo,Sue.Cleo@yopmail.com,Sue.Cleo@gmail.com,firefighter
293,Cordi,Muriel,Cordi.Muriel@yopmail.com,Cordi.Muriel@gmail.com,firefighter
294,Modestia,Alfons,Modestia.Alfons@yopmail.com,Modestia.Alfons@gmail.com,doctor
295,Nyssa,Stuart,Nyssa.Stuart@yopmail.com,Nyssa.Stuart@gmail.com,firefighter
296,Mamie,Cullin,Mamie.Cullin@yopmail.com,Mamie.Cullin@gmail.com,police officer
297,Lanna,Rosalba,Lanna.Rosalba@yopmail.com,Lanna.Rosalba@gmail.com,firefighter
298,Bertine,Bonilla,Bertine.Bonilla@yopmail.com,Bertine.Bonilla@gmail.com,police officer
299,Marline,Stelle,Marline.Stelle@yopmail.com,Marline.Stelle@gmail.com,worker
300,Chere,Germann,Chere.Germann@yopmail.com,Chere.Germann@gmail.com,doctor
301,Camile,Persse,Camile.Persse@yopmail.com,Camile.Persse@gmail.com,developer
302,Kathi,Tayib,Kathi.Tayib@yopmail.com,Kathi.Tayib@gmail.com,worker
303,Ethel,Rosalba,Ethel.Rosalba@yopmail.com,Ethel.Rosalba@gmail.com,firefighter
304,Carlie,Ranjiv,Carlie.Ranjiv@yopmail.com,Carlie.Ranjiv@gmail.com,police officer
305,Elora,Ramona,Elora.Ramona@yopmail.com,Elora.Ramona@gmail.com,worker
306,Blinni,Morrill,Blinni.Morrill@yopmail.com,Blinni.Morrill@gmail.com,police officer
307,Zaria,Haymes,Zaria.Haymes@yopmail.com,Zaria.Haymes@gmail.com,worker
308,Estell,Matthew,Estell.Matthew@yopmail.com,Estell.Matthew@gmail.com,developer
309,Joeann,Allina,Joeann.Allina@yopmail.com,Joeann.Allina@gmail.com,doctor
310,Codie,Kazimir,Codie.Kazimir@yopmail.com,Codie.Kazimir@gmail.com,firefighter
311,Dale,Fillbert,Dale.Fillbert@yopmail.com,Dale.Fillbert@gmail.com,police officer
312,Margarette,MacIntosh,Margarette.MacIntosh@yopmail.com,Margarette.MacIntosh@gmail.com,worker
313,Anallese,Infield,Anallese.Infield@yopmail.com,Anallese.Infield@gmail.com,doctor
314,Chloris,Wu,Chloris.Wu@yopmail.com,Chloris.Wu@gmail.com,developer
315,Hyacinthe,Nerita,Hyacinthe.Nerita@yopmail.com,Hyacinthe.Nerita@gmail.com,doctor
316,Johna,Aloise,Johna.Aloise@yopmail.com,Johna.Aloise@gmail.com,doctor
317,Reeba,Paton,Reeba.Paton@yopmail.com,Reeba.Paton@gmail.com,worker
318,Modestia,Ovid,Modestia.Ovid@yopmail.com,Modestia.Ovid@gmail.com,developer
319,Rhea,Wolfgram,Rhea.Wolfgram@yopmail.com,Rhea.Wolfgram@gmail.com,firefighter
320,Kirstin,Breed,Kirstin.Breed@yopmail.com,Kirstin.Breed@gmail.com,police officer
321,Audrie,Chick,Audrie.Chick@yopmail.com,Audrie.Chick@gmail.com,developer
322,Robbi,Jotham,Robbi.Jotham@yopmail.com,Robbi.Jotham@gmail.com,police officer
323,Sharlene,Georas,Sharlene.Georas@yopmail.com,Sharlene.Georas@gmail.com,doctor
324,Sophia,Anestassia,Sophia.Anestassia@yopmail.com,Sophia.Anestassia@gmail.com,doctor
325,Karly,Philipp,Karly.Philipp@yopmail.com,Karly.Philipp@gmail.com,developer
326,Siana,Yorick,Siana.Yorick@yopmail.com,Siana.Yorick@gmail.com,worker
327,Tersina,Karna,Tersina.Karna@yopmail.com,Tersina.Karna@gmail.com,worker
328,Tami,Natalia,Tami.Natalia@yopmail.com,Tami.Natalia@gmail.com,developer
329,Ivett,Dielu,Ivett.Dielu@yopmail.com,Ivett.Dielu@gmail.com,worker
330,Emma,Latini,Emma.Latini@yopmail.com,Emma.Latini@gmail.com,firefighter
331,Fanny,Ezar,Fanny.Ezar@yopmail.com,Fanny.Ezar@gmail.com,firefighter
332,Olwen,Francyne,Olwen.Francyne@yopmail.com,Olwen.Francyne@gmail.com,doctor
333,Deane,Uird,Deane.Uird@yopmail.com,Deane.Uird@gmail.com,worker
334,Hollie,Cottle,Hollie.Cottle@yopmail.com,Hollie.Cottle@gmail.com,worker
335,Libbie,Konyn,Libbie.Konyn@yopmail.com,Libbie.Konyn@gmail.com,worker
336,Nollie,Hieronymus,Nollie.Hieronymus@yopmail.com,Nollie.Hieronymus@gmail.com,worker
337,Annecorinne,Toni,Annecorinne.Toni@yopmail.com,Annecorinne.Toni@gmail.com,police officer
338,Shandie,Tomasina,Shandie.Tomasina@yopmail.com,Shandie.Tomasina@gmail.com,worker
339,Hyacinthe,Fink,Hyacinthe.Fink@yopmail.com,Hyacinthe.Fink@gmail.com,firefighter
340,Belva,Armanda,Belva.Armanda@yopmail.com,Belva.Armanda@gmail.com,firefighter
341,Ebonee,Regan,Ebonee.Regan@yopmail.com,Ebonee.Regan@gmail.com,developer
342,Lizzie,Ball,Lizzie.Ball@yopmail.com,Lizzie.Ball@gmail.com,police officer
343,Kayla,Clie,Kayla.Clie@yopmail.com,Kayla.Clie@gmail.com,developer
344,Heida,Rolf,Heida.Rolf@yopmail.com,Heida.Rolf@gmail.com,doctor
345,Correy,Tound,Correy.Tound@yopmail.com,Correy.Tound@gmail.com,firefighter
346,Aili,Bates,Aili.Bates@yopmail.com,Aili.Bates@gmail.com,worker
347,Celene,Hailee,Celene.Hailee@yopmail.com,Celene.Hailee@gmail.com,worker
348,Joleen,Raama,Joleen.Raama@yopmail.com,Joleen.Raama@gmail.com,worker
349,Arlina,Roarke,Arlina.Roarke@yopmail.com,Arlina.Roarke@gmail.com,worker
350,Sam,Avi,Sam.Avi@yopmail.com,Sam.Avi@gmail.com,police officer
351,Priscilla,Fredi,Priscilla.Fredi@yopmail.com,Priscilla.Fredi@gmail.com,firefighter
352,Veda,Konyn,Veda.Konyn@yopmail.com,Veda.Konyn@gmail.com,police officer
353,Inga,Rudolph,Inga.Rudolph@yopmail.com,Inga.Rudolph@gmail.com,police officer
354,Caritta,Isidore,Caritta.Isidore@yopmail.com,Caritta.Isidore@gmail.com,firefighter
355,Ninnetta,Dex,Ninnetta.Dex@yopmail.com,Ninnetta.Dex@gmail.com,firefighter
356,Talya,Alejoa,Talya.Alejoa@yopmail.com,Talya.Alejoa@gmail.com,firefighter
357,Cam,Noelyn,Cam.Noelyn@yopmail.com,Cam.Noelyn@gmail.com,firefighter
358,Reeba,Brittani,Reeba.Brittani@yopmail.com,Reeba.Brittani@gmail.com,worker
359,Letizia,Bates,Letizia.Bates@yopmail.com,Letizia.Bates@gmail.com,worker
360,Maud,Allys,Maud.Allys@yopmail.com,Maud.Allys@gmail.com,developer
361,Gabriellia,Old,Gabriellia.Old@yopmail.com,Gabriellia.Old@gmail.com,doctor
362,Alejandra,Ciapas,Alejandra.Ciapas@yopmail.com,Alejandra.Ciapas@gmail.com,firefighter
363,Sue,Seagraves,Sue.Seagraves@yopmail.com,Sue.Seagraves@gmail.com,police officer
364,Dominga,Hanshaw,Dominga.Hanshaw@yopmail.com,Dominga.Hanshaw@gmail.com,doctor
365,Helsa,Mozelle,Helsa.Mozelle@yopmail.com,Helsa.Mozelle@gmail.com,doctor
366,Mara,Stoller,Mara.Stoller@yopmail.com,Mara.Stoller@gmail.com,doctor
367,Robbi,Wattenberg,Robbi.Wattenberg@yopmail.com,Robbi.Wattenberg@gmail.com,worker
368,Regina,Syd,Regina.Syd@yopmail.com,Regina.Syd@gmail.com,doctor
369,Regina,Garlinda,Regina.Garlinda@yopmail.com,Regina.Garlinda@gmail.com,police officer
370,Orsola,Roumell,Orsola.Roumell@yopmail.com,Orsola.Roumell@gmail.com,doctor
371,Ingrid,Soneson,Ingrid.Soneson@yopmail.com,Ingrid.Soneson@gmail.com,worker
372,Gusella,Hull,Gusella.Hull@yopmail.com,Gusella.Hull@gmail.com,doctor
373,Priscilla,Wooster,Priscilla.Wooster@yopmail.com,Priscilla.Wooster@gmail.com,doctor
374,Ofilia,Mehalek,Ofilia.Mehalek@yopmail.com,Ofilia.Mehalek@gmail.com,worker
375,Marika,Marsden,Marika.Marsden@yopmail.com,Marika.Marsden@gmail.com,developer
376,Giustina,Dituri,Giustina.Dituri@yopmail.com,Giustina.Dituri@gmail.com,doctor
377,Moyna,Andrel,Moyna.Andrel@yopmail.com,Moyna.Andrel@gmail.com,developer
378,Sidoney,Reneta,Sidoney.Reneta@yopmail.com,Sidoney.Reneta@gmail.com,police officer
379,Agnese,Rozanna,Agnese.Rozanna@yopmail.com,Agnese.Rozanna@gmail.com,firefighter
380,Frances,Anselmi,Frances.Anselmi@yopmail.com,Frances.Anselmi@gmail.com,developer
381,Valeda,Johnsson,Valeda.Johnsson@yopmail.com,Valeda.Johnsson@gmail.com,worker
382,Lily,Knowling,Lily.Knowling@yopmail.com,Lily.Knowling@gmail.com,doctor
383,Valera,Elo,Valera.Elo@yopmail.com,Valera.Elo@gmail.com,developer
384,Giustina,Ricki,Giustina.Ricki@yopmail.com,Giustina.Ricki@gmail.com,worker
385,Caryl,Oriana,Caryl.Oriana@yopmail.com,Caryl.Oriana@gmail.com,doctor
386,Pearline,Carey,Pearline.Carey@yopmail.com,Pearline.Carey@gmail.com,developer
387,Lory,Burkle,Lory.Burkle@yopmail.com,Lory.Burkle@gmail.com,police officer
388,Janenna,Tjon,Janenna.Tjon@yopmail.com,Janenna.Tjon@gmail.com,police officer
389,Lexine,Kress,Lexine.Kress@yopmail.com,Lexine.Kress@gmail.com,worker
390,Keelia,Hutchison,Keelia.Hutchison@yopmail.com,Keelia.Hutchison@gmail.com,doctor
391,Joy,Marden,Joy.Marden@yopmail.com,Joy.Marden@gmail.com,firefighter
392,Willetta,Cullin,Willetta.Cullin@yopmail.com,Willetta.Cullin@gmail.com,doctor
393,Celisse,Leler,Celisse.Leler@yopmail.com,Celisse.Leler@gmail.com,firefighter
394,Danika,Carvey,Danika.Carvey@yopmail.com,Danika.Carvey@gmail.com,firefighter
395,Jennica,Hutchison,Jennica.Hutchison@yopmail.com,Jennica.Hutchison@gmail.com,worker
396,Yolane,Glenden,Yolane.Glenden@yopmail.com,Yolane.Glenden@gmail.com,police officer
397,Cindelyn,Kelula,Cindelyn.Kelula@yopmail.com,Cindelyn.Kelula@gmail.com,developer
398,Marcy,Koehler,Marcy.Koehler@yopmail.com,Marcy.Koehler@gmail.com,firefighter
399,Jaclyn,Garlinda,Jaclyn.Garlinda@yopmail.com,Jaclyn.Garlinda@gmail.com,worker
400,Debee,Zenas,Debee.Zenas@yopmail.com,Debee.Zenas@gmail.com,firefighter
401,Priscilla,Yusuk,Priscilla.Yusuk@yopmail.com,Priscilla.Yusuk@gmail.com,firefighter
402,Vinita,Delacourt,Vinita.Delacourt@yopmail.com,Vinita.Delacourt@gmail.com,firefighter
403,Aurelie,McNully,Aurelie.McNully@yopmail.com,Aurelie.McNully@gmail.com,developer
404,Selia,Ashok,Selia.Ashok@yopmail.com,Selia.Ashok@gmail.com,developer
405,Donetta,Guildroy,Donetta.Guildroy@yopmail.com,Donetta.Guildroy@gmail.com,developer
406,Nyssa,Rebecka,Nyssa.Rebecka@yopmail.com,Nyssa.Rebecka@gmail.com,police officer
407,Marline,Laverne,Marline.Laverne@yopmail.com,Marline.Laverne@gmail.com,worker
408,Margarette,Longfellow,Margarette.Longfellow@yopmail.com,Margarette.Longfellow@gmail.com,police officer
409,Pearline,Minetta,Pearline.Minetta@yopmail.com,Pearline.Minetta@gmail.com,firefighter
410,Karly,Jethro,Karly.Jethro@yopmail.com,Karly.Jethro@gmail.com,developer
411,Phedra,Eno,Phedra.Eno@yopmail.com,Phedra.Eno@gmail.com,doctor
412,Queenie,Masao,Queenie.Masao@yopmail.com,Queenie.Masao@gmail.com,worker
413,Courtnay,Hutchison,Courtnay.Hutchison@yopmail.com,Courtnay.Hutchison@gmail.com,doctor
414,Vevay,Maisey,Vevay.Maisey@yopmail.com,Vevay.Maisey@gmail.com,doctor
415,Dennie,Dahlia,Dennie.Dahlia@yopmail.com,Dennie.Dahlia@gmail.com,worker
416,Lynde,Sinegold,Lynde.Sinegold@yopmail.com,Lynde.Sinegold@gmail.com,police officer
417,Jean,Yorick,Jean.Yorick@yopmail.com,Jean.Yorick@gmail.com,worker
418,Elmira,Ashok,Elmira.Ashok@yopmail.com,Elmira.Ashok@gmail.com,police officer
419,Laurene,Engdahl,Laurene.Engdahl@yopmail.com,Laurene.Engdahl@gmail.com,police officer
420,Ulrike,Brunell,Ulrike.Brunell@yopmail.com,Ulrike.Brunell@gmail.com,developer
421,Larine,Geffner,Larine.Geffner@yopmail.com,Larine.Geffner@gmail.com,developer
422,Aurelie,Beebe,Aurelie.Beebe@yopmail.com,Aurelie.Beebe@gmail.com,developer
423,Carly,Manolo,Carly.Manolo@yopmail.com,Carly.Manolo@gmail.com,police officer
424,Mildrid,Bach,Mildrid.Bach@yopmail.com,Mildrid.Bach@gmail.com,developer
425,Leontine,Crudden,Leontine.Crudden@yopmail.com,Leontine.Crudden@gmail.com,worker
426,Aurelie,Amand,Aurelie.Amand@yopmail.com,Aurelie.Amand@gmail.com,police officer
427,Annora,Louanna,Annora.Louanna@yopmail.com,Annora.Louanna@gmail.com,firefighter
428,Andeee,Hortensia,Andeee.Hortensia@yopmail.com,Andeee.Hortensia@gmail.com,developer
429,Alisha,Hartnett,Alisha.Hartnett@yopmail.com,Alisha.Hartnett@gmail.com,worker
430,Nelle,Eben,Nelle.Eben@yopmail.com,Nelle.Eben@gmail.com,developer
431,Ida,Ilka,Ida.Ilka@yopmail.com,Ida.Ilka@gmail.com,developer
432,Marsiella,Koehler,Marsiella.Koehler@yopmail.com,Marsiella.Koehler@gmail.com,doctor
433,Meghann,Concha,Meghann.Concha@yopmail.com,Meghann.Concha@gmail.com,doctor
434,Keelia,Brittani,Keelia.Brittani@yopmail.com,Keelia.Brittani@gmail.com,doctor
435,Aryn,Halsey,Aryn.Halsey@yopmail.com,Aryn.Halsey@gmail.com,firefighter
436,Gabi,Lacombe,Gabi.Lacombe@yopmail.com,Gabi.Lacombe@gmail.com,firefighter
437,Carilyn,Jagir,Carilyn.Jagir@yopmail.com,Carilyn.Jagir@gmail.com,developer
438,Misha,Susannah,Misha.Susannah@yopmail.com,Misha.Susannah@gmail.com,developer
439,Isa,Ochs,Isa.Ochs@yopmail.com,Isa.Ochs@gmail.com,worker
440,Dulcinea,Hutchison,Dulcinea.Hutchison@yopmail.com,Dulcinea.Hutchison@gmail.com,firefighter
441,Dorthy,Shaddock,Dorthy.Shaddock@yopmail.com,Dorthy.Shaddock@gmail.com,police officer
442,Ursulina,Sherfield,Ursulina.Sherfield@yopmail.com,Ursulina.Sherfield@gmail.com,police officer
443,Elmira,Estella,Elmira.Estella@yopmail.com,Elmira.Estella@gmail.com,doctor
444,Donetta,Allys,Donetta.Allys@yopmail.com,Donetta.Allys@gmail.com,firefighter
445,Rori,Alwin,Rori.Alwin@yopmail.com,Rori.Alwin@gmail.com,developer
446,Cathie,Pacorro,Cathie.Pacorro@yopmail.com,Cathie.Pacorro@gmail.com,police officer
447,Ileana,Kazimir,Ileana.Kazimir@yopmail.com,Ileana.Kazimir@gmail.com,developer
448,Sonni,Lanita,Sonni.Lanita@yopmail.com,Sonni.Lanita@gmail.com,developer
449,Verla,Martsen,Verla.Martsen@yopmail.com,Verla.Martsen@gmail.com,worker
450,Annora,Gower,Annora.Gower@yopmail.com,Annora.Gower@gmail.com,doctor
451,Blinni,Bashemeth,Blinni.Bashemeth@yopmail.com,Blinni.Bashemeth@gmail.com,firefighter
452,Gertrud,Saint,Gertrud.Saint@yopmail.com,Gertrud.Saint@gmail.com,worker
453,Orelia,Hashim,Orelia.Hashim@yopmail.com,Orelia.Hashim@gmail.com,worker
454,Raquela,Sasnett,Raquela.Sasnett@yopmail.com,Raquela.Sasnett@gmail.com,worker
455,Bobbi,Danby,Bobbi.Danby@yopmail.com,Bobbi.Danby@gmail.com,firefighter
456,Libbie,Pip,Libbie.Pip@yopmail.com,Libbie.Pip@gmail.com,doctor
457,Brena,Lewes,Brena.Lewes@yopmail.com,Brena.Lewes@gmail.com,developer
458,Teddie,Jacobah,Teddie.Jacobah@yopmail.com,Teddie.Jacobah@gmail.com,developer
459,Beth,Bluh,Beth.Bluh@yopmail.com,Beth.Bluh@gmail.com,developer
460,Aimil,Fillbert,Aimil.Fillbert@yopmail.com,Aimil.Fillbert@gmail.com,worker
461,Kylynn,Wolfgram,Kylynn.Wolfgram@yopmail.com,Kylynn.Wolfgram@gmail.com,developer
462,Louella,Delacourt,Louella.Delacourt@yopmail.com,Louella.Delacourt@gmail.com,firefighter
463,Lelah,Joli,Lelah.Joli@yopmail.com,Lelah.Joli@gmail.com,police officer
464,Ardenia,Helve,Ardenia.Helve@yopmail.com,Ardenia.Helve@gmail.com,doctor
465,Tonia,Bari,Tonia.Bari@yopmail.com,Tonia.Bari@gmail.com,firefighter
466,Mara,Noam,Mara.Noam@yopmail.com,Mara.Noam@gmail.com,police officer
467,Sean,Sinegold,Sean.Sinegold@yopmail.com,Sean.Sinegold@gmail.com,worker
468,Gratia,Isidore,Gratia.Isidore@yopmail.com,Gratia.Isidore@gmail.com,worker
469,Annecorinne,Hoenack,Annecorinne.Hoenack@yopmail.com,Annecorinne.Hoenack@gmail.com,worker
470,Larine,Sherfield,Larine.Sherfield@yopmail.com,Larine.Sherfield@gmail.com,doctor
471,Verla,Sigfrid,Verla.Sigfrid@yopmail.com,Verla.Sigfrid@gmail.com,developer
472,Marika,Rolf,Marika.Rolf@yopmail.com,Marika.Rolf@gmail.com,police officer
473,Leeanne,Cottle,Leeanne.Cottle@yopmail.com,Leeanne.Cottle@gmail.com,police officer
474,Elbertina,Engdahl,Elbertina.Engdahl@yopmail.com,Elbertina.Engdahl@gmail.com,developer
475,Jaclyn,Abernon,Jaclyn.Abernon@yopmail.com,Jaclyn.Abernon@gmail.com,firefighter
476,Basia,Bearnard,Basia.Bearnard@yopmail.com,Basia.Bearnard@gmail.com,firefighter
477,Gianina,Lilybelle,Gianina.Lilybelle@yopmail.com,Gianina.Lilybelle@gmail.com,developer
478,Lacie,Dannye,Lacie.Dannye@yopmail.com,Lacie.Dannye@gmail.com,worker
479,Ermengarde,Concha,Ermengarde.Concha@yopmail.com,Ermengarde.Concha@gmail.com,developer
480,Jsandye,Bandeen,Jsandye.Bandeen@yopmail.com,Jsandye.Bandeen@gmail.com,developer
481,Elyssa,Ventre,Elyssa.Ventre@yopmail.com,Elyssa.Ventre@gmail.com,worker
482,Hyacinthe,Carlson,Hyacinthe.Carlson@yopmail.com,Hyacinthe.Carlson@gmail.com,firefighter
483,Blake,Danby,Blake.Danby@yopmail.com,Blake.Danby@gmail.com,worker
484,Quintina,Bethany,Quintina.Bethany@yopmail.com,Quintina.Bethany@gmail.com,worker
485,Kathi,Blase,Kathi.Blase@yopmail.com,Kathi.Blase@gmail.com,developer
486,Kary,Armanda,Kary.Armanda@yopmail.com,Kary.Armanda@gmail.com,worker
487,Petronia,Zetta,Petronia.Zetta@yopmail.com,Petronia.Zetta@gmail.com,police officer
488,Viki,Hilbert,Viki.Hilbert@yopmail.com,Viki.Hilbert@gmail.com,firefighter
489,Roz,Clywd,Roz.Clywd@yopmail.com,Roz.Clywd@gmail.com,developer
490,Nollie,Ellord,Nollie.Ellord@yopmail.com,Nollie.Ellord@gmail.com,police officer
491,Aili,Ruvolo,Aili.Ruvolo@yopmail.com,Aili.Ruvolo@gmail.com,police officer
492,Meriel,Gusella,Meriel.Gusella@yopmail.com,Meriel.Gusella@gmail.com,developer
493,Joelly,Therine,Joelly.Therine@yopmail.com,Joelly.Therine@gmail.com,doctor
494,Georgina,Masao,Georgina.Masao@yopmail.com,Georgina.Masao@gmail.com,firefighter
495,Alyda,Cath,Alyda.Cath@yopmail.com,Alyda.Cath@gmail.com,doctor
496,Iseabal,Zachary,Iseabal.Zachary@yopmail.com,Iseabal.Zachary@gmail.com,police officer
497,Ann-Marie,Rhu,Ann-Marie.Rhu@yopmail.com,Ann-Marie.Rhu@gmail.com,police officer
498,Elka,Gale,Elka.Gale@yopmail.com,Elka.Gale@gmail.com,doctor
499,Valeda,Friede,Valeda.Friede@yopmail.com,Valeda.Friede@gmail.com,worker
500,Kary,Guildroy,Kary.Guildroy@yopmail.com,Kary.Guildroy@gmail.com,developer
501,Charissa,Lay,Charissa.Lay@yopmail.com,Charissa.Lay@gmail.com,firefighter
502,Dagmar,Rooney,Dagmar.Rooney@yopmail.com,Dagmar.Rooney@gmail.com,firefighter
503,Arlina,Ledah,Arlina.Ledah@yopmail.com,Arlina.Ledah@gmail.com,police officer
504,Roseline,Anton,Roseline.Anton@yopmail.com,Roseline.Anton@gmail.com,doctor
505,Oona,Dunkin,Oona.Dunkin@yopmail.com,Oona.Dunkin@gmail.com,firefighter
506,Latisha,Corabella,Latisha.Corabella@yopmail.com,Latisha.Corabella@gmail.com,doctor
507,Keelia,Secrest,Keelia.Secrest@yopmail.com,Keelia.Secrest@gmail.com,developer
508,Natka,Noelyn,Natka.Noelyn@yopmail.com,Natka.Noelyn@gmail.com,firefighter
509,Eadie,Wildermuth,Eadie.Wildermuth@yopmail.com,Eadie.Wildermuth@gmail.com,doctor
510,Suzette,Infield,Suzette.Infield@yopmail.com,Suzette.Infield@gmail.com,developer
511,Orelia,Damarra,Orelia.Damarra@yopmail.com,Orelia.Damarra@gmail.com,police officer
512,Gisela,Natica,Gisela.Natica@yopmail.com,Gisela.Natica@gmail.com,worker
513,Andeee,Phi,Andeee.Phi@yopmail.com,Andeee.Phi@gmail.com,doctor
514,Amara,Havens,Amara.Havens@yopmail.com,Amara.Havens@gmail.com,worker
515,Micheline,Cynar,Micheline.Cynar@yopmail.com,Micheline.Cynar@gmail.com,doctor
516,Kelly,Alva,Kelly.Alva@yopmail.com,Kelly.Alva@gmail.com,doctor
517,Jessy,Pernick,Jessy.Pernick@yopmail.com,Jessy.Pernick@gmail.com,firefighter
518,Catrina,Jalbert,Catrina.Jalbert@yopmail.com,Catrina.Jalbert@gmail.com,police officer
519,Cristabel,Felecia,Cristabel.Felecia@yopmail.com,Cristabel.Felecia@gmail.com,developer
520,Rosaline,Haldas,Rosaline.Haldas@yopmail.com,Rosaline.Haldas@gmail.com,developer
521,Phedra,Randene,Phedra.Randene@yopmail.com,Phedra.Randene@gmail.com,police officer
522,Lucy,Cullin,Lucy.Cullin@yopmail.com,Lucy.Cullin@gmail.com,police officer
523,Yvonne,Cloris,Yvonne.Cloris@yopmail.com,Yvonne.Cloris@gmail.com,worker
524,Ariela,Monk,Ariela.Monk@yopmail.com,Ariela.Monk@gmail.com,firefighter
525,Doro,Desai,Doro.Desai@yopmail.com,Doro.Desai@gmail.com,worker
526,Sybille,Azeria,Sybille.Azeria@yopmail.com,Sybille.Azeria@gmail.com,worker
527,Paulita,Jeanne,Paulita.Jeanne@yopmail.com,Paulita.Jeanne@gmail.com,police officer
528,Madeleine,Kazimir,Madeleine.Kazimir@yopmail.com,Madeleine.Kazimir@gmail.com,worker
529,Valeda,Lumbard,Valeda.Lumbard@yopmail.com,Valeda.Lumbard@gmail.com,police officer
530,Jemie,Yoko,Jemie.Yoko@yopmail.com,Jemie.Yoko@gmail.com,police officer
531,Rochette,Shaddock,Rochette.Shaddock@yopmail.com,Rochette.Shaddock@gmail.com,worker
532,Blinni,Pulsifer,Blinni.Pulsifer@yopmail.com,Blinni.Pulsifer@gmail.com,doctor
533,Darlleen,Yam,Darlleen.Yam@yopmail.com,Darlleen.Yam@gmail.com,firefighter
534,Oona,Allys,Oona.Allys@yopmail.com,Oona.Allys@gmail.com,police officer
535,Mahalia,Magnolia,Mahalia.Magnolia@yopmail.com,Mahalia.Magnolia@gmail.com,developer
536,Tressa,Henrie,Tressa.Henrie@yopmail.com,Tressa.Henrie@gmail.com,police officer
537,Deirdre,Astra,Deirdre.Astra@yopmail.com,Deirdre.Astra@gmail.com,worker
538,Fanny,Alva,Fanny.Alva@yopmail.com,Fanny.Alva@gmail.com,firefighter
539,Alyssa,Therine,Alyssa.Therine@yopmail.com,Alyssa.Therine@gmail.com,firefighter
540,Lorenza,Rese,Lorenza.Rese@yopmail.com,Lorenza.Rese@gmail.com,firefighter
541,Violet,Hieronymus,Violet.Hieronymus@yopmail.com,Violet.Hieronymus@gmail.com,worker
542,Shandie,Modie,Shandie.Modie@yopmail.com,Shandie.Modie@gmail.com,developer
543,Keelia,Croix,Keelia.Croix@yopmail.com,Keelia.Croix@gmail.com,worker
544,Letizia,Hollingsworth,Letizia.Hollingsworth@yopmail.com,Letizia.Hollingsworth@gmail.com,police officer
545,Tracey,Swanhildas,Tracey.Swanhildas@yopmail.com,Tracey.Swanhildas@gmail.com,police officer
546,Chloris,Creamer,Chloris.Creamer@yopmail.com,Chloris.Creamer@gmail.com,police officer
547,Aigneis,Laverne,Aigneis.Laverne@yopmail.com,Aigneis.Laverne@gmail.com,firefighter
548,Quintina,Standing,Quintina.Standing@yopmail.com,Quintina.Standing@gmail.com,police officer
549,Ruthe,Sisile,Ruthe.Sisile@yopmail.com,Ruthe.Sisile@gmail.com,worker
550,Cristabel,Cleo,Cristabel.Cleo@yopmail.com,Cristabel.Cleo@gmail.com,doctor
551,Robbi,Secrest,Robbi.Secrest@yopmail.com,Robbi.Secrest@gmail.com,police officer
552,Monika,Lenny,Monika.Lenny@yopmail.com,Monika.Lenny@gmail.com,police officer
553,Edee,Jena,Edee.Jena@yopmail.com,Edee.Jena@gmail.com,doctor
554,Consuela,Schonfeld,Consuela.Schonfeld@yopmail.com,Consuela.Schonfeld@gmail.com,doctor
555,Alex,Saint,Alex.Saint@yopmail.com,Alex.Saint@gmail.com,firefighter
556,Nickie,Kronfeld,Nickie.Kronfeld@yopmail.com,Nickie.Kronfeld@gmail.com,worker
557,Debee,Mehalek,Debee.Mehalek@yopmail.com,Debee.Mehalek@gmail.com,developer
558,Berget,Tillford,Berget.Tillford@yopmail.com,Berget.Tillford@gmail.com,police officer
559,Marjie,Mathilde,Marjie.Mathilde@yopmail.com,Marjie.Mathilde@gmail.com,worker
560,Doralynne,Rona,Doralynne.Rona@yopmail.com,Doralynne.Rona@gmail.com,police officer
561,Minda,Natalia,Minda.Natalia@yopmail.com,Minda.Natalia@gmail.com,developer
562,Ursulina,Pettiford,Ursulina.Pettiford@yopmail.com,Ursulina.Pettiford@gmail.com,firefighter
563,Orsola,McCutcheon,Orsola.McCutcheon@yopmail.com,Orsola.McCutcheon@gmail.com,worker
564,Hannis,Reneta,Hannis.Reneta@yopmail.com,Hannis.Reneta@gmail.com,police officer
565,Vivia,Kylander,Vivia.Kylander@yopmail.com,Vivia.Kylander@gmail.com,doctor
566,Valeda,Vilma,Valeda.Vilma@yopmail.com,Valeda.Vilma@gmail.com,doctor
567,Beth,Mott,Beth.Mott@yopmail.com,Beth.Mott@gmail.com,police officer
568,Clementine,Florina,Clementine.Florina@yopmail.com,Clementine.Florina@gmail.com,developer
569,Mady,Salvidor,Mady.Salvidor@yopmail.com,Mady.Salvidor@gmail.com,developer
570,Ricky,Orelee,Ricky.Orelee@yopmail.com,Ricky.Orelee@gmail.com,worker
571,Emylee,Stefa,Emylee.Stefa@yopmail.com,Emylee.Stefa@gmail.com,doctor
572,Jere,Emanuel,Jere.Emanuel@yopmail.com,Jere.Emanuel@gmail.com,police officer
573,Silvana,Eiser,Silvana.Eiser@yopmail.com,Silvana.Eiser@gmail.com,doctor
574,Wanda,Stav,Wanda.Stav@yopmail.com,Wanda.Stav@gmail.com,developer
575,Lacie,Bluh,Lacie.Bluh@yopmail.com,Lacie.Bluh@gmail.com,doctor
576,Emma,Alcott,Emma.Alcott@yopmail.com,Emma.Alcott@gmail.com,doctor
577,Odessa,Franza,Odessa.Franza@yopmail.com,Odessa.Franza@gmail.com,worker
578,Lila,Ortrude,Lila.Ortrude@yopmail.com,Lila.Ortrude@gmail.com,developer
579,Aurelie,Docilla,Aurelie.Docilla@yopmail.com,Aurelie.Docilla@gmail.com,firefighter
580,Micheline,Devlen,Micheline.Devlen@yopmail.com,Micheline.Devlen@gmail.com,firefighter
581,Grier,Libna,Grier.Libna@yopmail.com,Grier.Libna@gmail.com,developer
582,Norine,Heisel,Norine.Heisel@yopmail.com,Norine.Heisel@gmail.com,police officer
583,Correy,Ellerey,Correy.Ellerey@yopmail.com,Correy.Ellerey@gmail.com,developer
584,Amara,Naor,Amara.Naor@yopmail.com,Amara.Naor@gmail.com,police officer
585,Maye,Ranjiv,Maye.Ranjiv@yopmail.com,Maye.Ranjiv@gmail.com,firefighter
586,Rayna,Juan,Rayna.Juan@yopmail.com,Rayna.Juan@gmail.com,worker
587,Dotty,Maxi,Dotty.Maxi@yopmail.com,Dotty.Maxi@gmail.com,worker
588,Livvyy,Brian,Livvyy.Brian@yopmail.com,Livvyy.Brian@gmail.com,developer
589,Aimil,Robertson,Aimil.Robertson@yopmail.com,Aimil.Robertson@gmail.com,developer
590,Annecorinne,Creamer,Annecorinne.Creamer@yopmail.com,Annecorinne.Creamer@gmail.com,developer
591,Adelle,Hachmin,Adelle.Hachmin@yopmail.com,Adelle.Hachmin@gmail.com,police officer
592,Rosaline,Jorgan,Rosaline.Jorgan@yopmail.com,Rosaline.Jorgan@gmail.com,firefighter
593,Kary,Hashim,Kary.Hashim@yopmail.com,Kary.Hashim@gmail.com,police officer
594,Leanna,Dowski,Leanna.Dowski@yopmail.com,Leanna.Dowski@gmail.com,worker
595,Gusty,Manolo,Gusty.Manolo@yopmail.com,Gusty.Manolo@gmail.com,worker
596,Ariela,Stephie,Ariela.Stephie@yopmail.com,Ariela.Stephie@gmail.com,police officer
597,Clary,Wareing,Clary.Wareing@yopmail.com,Clary.Wareing@gmail.com,worker
598,Lilith,Carmena,Lilith.Carmena@yopmail.com,Lilith.Carmena@gmail.com,doctor
599,Allis,Barbey,Allis.Barbey@yopmail.com,Allis.Barbey@gmail.com,police officer
600,Kenna,Raama,Kenna.Raama@yopmail.com,Kenna.Raama@gmail.com,firefighter
601,Romona,Colyer,Romona.Colyer@yopmail.com,Romona.Colyer@gmail.com,police officer
602,Kimmy,Lory,Kimmy.Lory@yopmail.com,Kimmy.Lory@gmail.com,police officer
603,Leia,Swigart,Leia.Swigart@yopmail.com,Leia.Swigart@gmail.com,firefighter
604,Charlena,Teryn,Charlena.Teryn@yopmail.com,Charlena.Teryn@gmail.com,doctor
605,Barbara,Corabella,Barbara.Corabella@yopmail.com,Barbara.Corabella@gmail.com,firefighter
606,Alyda,Orlene,Alyda.Orlene@yopmail.com,Alyda.Orlene@gmail.com,worker
607,Eadie,Amand,Eadie.Amand@yopmail.com,Eadie.Amand@gmail.com,firefighter
608,Beverley,Barrus,Beverley.Barrus@yopmail.com,Beverley.Barrus@gmail.com,police officer
609,Tonia,Celestine,Tonia.Celestine@yopmail.com,Tonia.Celestine@gmail.com,doctor
610,Karolina,Chrystel,Karolina.Chrystel@yopmail.com,Karolina.Chrystel@gmail.com,developer
611,Minda,Zachary,Minda.Zachary@yopmail.com,Minda.Zachary@gmail.com,worker
612,Damaris,Cimbura,Damaris.Cimbura@yopmail.com,Damaris.Cimbura@gmail.com,doctor
613,Hettie,Remmer,Hettie.Remmer@yopmail.com,Hettie.Remmer@gmail.com,developer
614,Vanessa,Bergman,Vanessa.Bergman@yopmail.com,Vanessa.Bergman@gmail.com,doctor
615,Elka,Maisey,Elka.Maisey@yopmail.com,Elka.Maisey@gmail.com,developer
616,Concettina,Longfellow,Concettina.Longfellow@yopmail.com,Concettina.Longfellow@gmail.com,police officer
617,Calla,Voletta,Calla.Voletta@yopmail.com,Calla.Voletta@gmail.com,developer
618,Moyna,Lay,Moyna.Lay@yopmail.com,Moyna.Lay@gmail.com,doctor
619,Sharlene,Cimbura,Sharlene.Cimbura@yopmail.com,Sharlene.Cimbura@gmail.com,police officer
620,Isa,Vivle,Isa.Vivle@yopmail.com,Isa.Vivle@gmail.com,worker
621,Alia,Billye,Alia.Billye@yopmail.com,Alia.Billye@gmail.com,worker
622,Kathi,Aprile,Kathi.Aprile@yopmail.com,Kathi.Aprile@gmail.com,firefighter
623,Roz,Destinee,Roz.Destinee@yopmail.com,Roz.Destinee@gmail.com,worker
624,Adriana,Chabot,Adriana.Chabot@yopmail.com,Adriana.Chabot@gmail.com,firefighter
625,Karolina,Kirstin,Karolina.Kirstin@yopmail.com,Karolina.Kirstin@gmail.com,worker
626,Valera,Remmer,Valera.Remmer@yopmail.com,Valera.Remmer@gmail.com,worker
627,Tina,Rogerio,Tina.Rogerio@yopmail.com,Tina.Rogerio@gmail.com,developer
628,Raina,Kylander,Raina.Kylander@yopmail.com,Raina.Kylander@gmail.com,firefighter
629,Chere,Azeria,Chere.Azeria@yopmail.com,Chere.Azeria@gmail.com,police officer
630,Carree,Firmin,Carree.Firmin@yopmail.com,Carree.Firmin@gmail.com,developer
631,Roslyn,Thilda,Roslyn.Thilda@yopmail.com,Roslyn.Thilda@gmail.com,police officer
632,Marti,Briney,Marti.Briney@yopmail.com,Marti.Briney@gmail.com,worker
633,Flo,Stover,Flo.Stover@yopmail.com,Flo.Stover@gmail.com,developer
634,Roz,Brackely,Roz.Brackely@yopmail.com,Roz.Brackely@gmail.com,doctor
635,Tressa,Katrine,Tressa.Katrine@yopmail.com,Tressa.Katrine@gmail.com,police officer
636,Raina,Colyer,Raina.Colyer@yopmail.com,Raina.Colyer@gmail.com,doctor
637,Daryl,Delp,Daryl.Delp@yopmail.com,Daryl.Delp@gmail.com,police officer
638,Jemie,Vivle,Jemie.Vivle@yopmail.com,Jemie.Vivle@gmail.com,doctor
639,Ayn,Maryanne,Ayn.Maryanne@yopmail.com,Ayn.Maryanne@gmail.com,police officer
640,Linzy,Vanni,Linzy.Vanni@yopmail.com,Linzy.Vanni@gmail.com,firefighter
641,Lonnie,Vilma,Lonnie.Vilma@yopmail.com,Lonnie.Vilma@gmail.com,developer
642,Sean,Presber,Sean.Presber@yopmail.com,Sean.Presber@gmail.com,police officer
643,Betta,Truc,Betta.Truc@yopmail.com,Betta.Truc@gmail.com,doctor
644,Rayna,Guildroy,Rayna.Guildroy@yopmail.com,Rayna.Guildroy@gmail.com,doctor
645,Riannon,Glenden,Riannon.Glenden@yopmail.com,Riannon.Glenden@gmail.com,firefighter
646,Ardeen,Oriana,Ardeen.Oriana@yopmail.com,Ardeen.Oriana@gmail.com,developer
647,Mariele,Jerald,Mariele.Jerald@yopmail.com,Mariele.Jerald@gmail.com,firefighter
648,Dania,Leifeste,Dania.Leifeste@yopmail.com,Dania.Leifeste@gmail.com,firefighter
649,Dacia,Brotherson,Dacia.Brotherson@yopmail.com,Dacia.Brotherson@gmail.com,worker
650,Rori,Ahab,Rori.Ahab@yopmail.com,Rori.Ahab@gmail.com,firefighter
651,Chloris,Annice,Chloris.Annice@yopmail.com,Chloris.Annice@gmail.com,police officer
652,Magdalena,Ruvolo,Magdalena.Ruvolo@yopmail.com,Magdalena.Ruvolo@gmail.com,developer
653,Devina,Elbertina,Devina.Elbertina@yopmail.com,Devina.Elbertina@gmail.com,firefighter
654,Allyce,Codding,Allyce.Codding@yopmail.com,Allyce.Codding@gmail.com,developer
655,Fayre,Seumas,Fayre.Seumas@yopmail.com,Fayre.Seumas@gmail.com,firefighter
656,Jorry,Oneida,Jorry.Oneida@yopmail.com,Jorry.Oneida@gmail.com,police officer
657,Lolita,Louanna,Lolita.Louanna@yopmail.com,Lolita.Louanna@gmail.com,developer
658,Gabi,Hebner,Gabi.Hebner@yopmail.com,Gabi.Hebner@gmail.com,police officer
659,Jan,Pulsifer,Jan.Pulsifer@yopmail.com,Jan.Pulsifer@gmail.com,doctor
660,Jacquetta,Kronfeld,Jacquetta.Kronfeld@yopmail.com,Jacquetta.Kronfeld@gmail.com,developer
661,Kate,Federica,Kate.Federica@yopmail.com,Kate.Federica@gmail.com,police officer
662,Alia,Mich,Alia.Mich@yopmail.com,Alia.Mich@gmail.com,worker
663,Renie,Natalia,Renie.Natalia@yopmail.com,Renie.Natalia@gmail.com,worker
664,Lucille,Ricarda,Lucille.Ricarda@yopmail.com,Lucille.Ricarda@gmail.com,police officer
665,Marleah,Tufts,Marleah.Tufts@yopmail.com,Marleah.Tufts@gmail.com,police officer
666,Caryl,Aldric,Caryl.Aldric@yopmail.com,Caryl.Aldric@gmail.com,doctor
667,Hildegaard,Urania,Hildegaard.Urania@yopmail.com,Hildegaard.Urania@gmail.com,firefighter
668,Pollyanna,Skurnik,Pollyanna.Skurnik@yopmail.com,Pollyanna.Skurnik@gmail.com,police officer
669,Tiffie,Old,Tiffie.Old@yopmail.com,Tiffie.Old@gmail.com,doctor
670,Amalie,Anis,Amalie.Anis@yopmail.com,Amalie.Anis@gmail.com,firefighter
671,Mathilda,Wesle,Mathilda.Wesle@yopmail.com,Mathilda.Wesle@gmail.com,firefighter
672,Millie,McGrody,Millie.McGrody@yopmail.com,Millie.McGrody@gmail.com,firefighter
673,Estell,Voletta,Estell.Voletta@yopmail.com,Estell.Voletta@gmail.com,worker
674,Chickie,Rozanna,Chickie.Rozanna@yopmail.com,Chickie.Rozanna@gmail.com,developer
675,Priscilla,Trey,Priscilla.Trey@yopmail.com,Priscilla.Trey@gmail.com,doctor
676,Aaren,Bouchard,Aaren.Bouchard@yopmail.com,Aaren.Bouchard@gmail.com,firefighter
677,Gratia,Ricki,Gratia.Ricki@yopmail.com,Gratia.Ricki@gmail.com,firefighter
678,Lenna,Morgun,Lenna.Morgun@yopmail.com,Lenna.Morgun@gmail.com,worker
679,Noelle,Cynar,Noelle.Cynar@yopmail.com,Noelle.Cynar@gmail.com,doctor
680,Paola,Fadiman,Paola.Fadiman@yopmail.com,Paola.Fadiman@gmail.com,firefighter
681,Consuela,Fitzsimmons,Consuela.Fitzsimmons@yopmail.com,Consuela.Fitzsimmons@gmail.com,worker
682,Meriel,Rugen,Meriel.Rugen@yopmail.com,Meriel.Rugen@gmail.com,developer
683,Mary,Lipson,Mary.Lipson@yopmail.com,Mary.Lipson@gmail.com,worker
684,Dede,Angelis,Dede.Angelis@yopmail.com,Dede.Angelis@gmail.com,police officer
685,Annaliese,Podvin,Annaliese.Podvin@yopmail.com,Annaliese.Podvin@gmail.com,police officer
686,Alyda,Erlandson,Alyda.Erlandson@yopmail.com,Alyda.Erlandson@gmail.com,worker
687,Tomasina,Romelda,Tomasina.Romelda@yopmail.com,Tomasina.Romelda@gmail.com,developer
688,Shell,Edvard,Shell.Edvard@yopmail.com,Shell.Edvard@gmail.com,worker
689,Felice,Means,Felice.Means@yopmail.com,Felice.Means@gmail.com,firefighter
690,Devina,Ranjiv,Devina.Ranjiv@yopmail.com,Devina.Ranjiv@gmail.com,doctor
691,Chastity,Evangelia,Chastity.Evangelia@yopmail.com,Chastity.Evangelia@gmail.com,worker
692,Asia,Raimondo,Asia.Raimondo@yopmail.com,Asia.Raimondo@gmail.com,developer
693,Helsa,Toni,Helsa.Toni@yopmail.com,Helsa.Toni@gmail.com,developer
694,Lorie,Tillford,Lorie.Tillford@yopmail.com,Lorie.Tillford@gmail.com,doctor
695,Addia,Koziara,Addia.Koziara@yopmail.com,Addia.Koziara@gmail.com,firefighter
696,Keelia,Sammons,Keelia.Sammons@yopmail.com,Keelia.Sammons@gmail.com,doctor
697,Mathilda,Pulsifer,Mathilda.Pulsifer@yopmail.com,Mathilda.Pulsifer@gmail.com,worker
698,Aaren,Lilas,Aaren.Lilas@yopmail.com,Aaren.Lilas@gmail.com,firefighter
699,Lindie,Paton,Lindie.Paton@yopmail.com,Lindie.Paton@gmail.com,doctor
700,Gavrielle,Gladstone,Gavrielle.Gladstone@yopmail.com,Gavrielle.Gladstone@gmail.com,firefighter
701,Gretal,Bennie,Gretal.Bennie@yopmail.com,Gretal.Bennie@gmail.com,firefighter
702,Kellen,Harday,Kellen.Harday@yopmail.com,Kellen.Harday@gmail.com,doctor
703,Gretal,Ries,Gretal.Ries@yopmail.com,Gretal.Ries@gmail.com,doctor
704,Catharine,Kravits,Catharine.Kravits@yopmail.com,Catharine.Kravits@gmail.com,doctor
705,Sibella,Carey,Sibella.Carey@yopmail.com,Sibella.Carey@gmail.com,police officer
706,Kalina,Keily,Kalina.Keily@yopmail.com,Kalina.Keily@gmail.com,police officer
707,Gertrud,Ranjiv,Gertrud.Ranjiv@yopmail.com,Gertrud.Ranjiv@gmail.com,worker
708,Adelle,Estella,Adelle.Estella@yopmail.com,Adelle.Estella@gmail.com,police officer
709,Corene,Honoria,Corene.Honoria@yopmail.com,Corene.Honoria@gmail.com,firefighter
710,Phedra,Dearborn,Phedra.Dearborn@yopmail.com,Phedra.Dearborn@gmail.com,police officer
711,Jinny,Madelene,Jinny.Madelene@yopmail.com,Jinny.Madelene@gmail.com,developer
712,Angela,Parsaye,Angela.Parsaye@yopmail.com,Angela.Parsaye@gmail.com,police officer
713,Gilligan,Genna,Gilligan.Genna@yopmail.com,Gilligan.Genna@gmail.com,firefighter
714,Ofilia,Nerita,Ofilia.Nerita@yopmail.com,Ofilia.Nerita@gmail.com,firefighter
715,Willetta,Waite,Willetta.Waite@yopmail.com,Willetta.Waite@gmail.com,firefighter
716,Sybille,Lane,Sybille.Lane@yopmail.com,Sybille.Lane@gmail.com,developer
717,Roberta,Jobi,Roberta.Jobi@yopmail.com,Roberta.Jobi@gmail.com,doctor
718,Peri,Angelis,Peri.Angelis@yopmail.com,Peri.Angelis@gmail.com,developer
719,Ashlee,Ferrell,Ashlee.Ferrell@yopmail.com,Ashlee.Ferrell@gmail.com,firefighter
720,Carol-Jean,Shirberg,Carol-Jean.Shirberg@yopmail.com,Carol-Jean.Shirberg@gmail.com,firefighter
721,Anestassia,Kauppi,Anestassia.Kauppi@yopmail.com,Anestassia.Kauppi@gmail.com,doctor
722,Sheelagh,Ries,Sheelagh.Ries@yopmail.com,Sheelagh.Ries@gmail.com,firefighter
723,Violet,Gahl,Violet.Gahl@yopmail.com,Violet.Gahl@gmail.com,doctor
724,Sashenka,Taima,Sashenka.Taima@yopmail.com,Sashenka.Taima@gmail.com,developer
725,Emma,Geffner,Emma.Geffner@yopmail.com,Emma.Geffner@gmail.com,doctor
726,Inga,Camden,Inga.Camden@yopmail.com,Inga.Camden@gmail.com,police officer
727,Olivette,Wyn,Olivette.Wyn@yopmail.com,Olivette.Wyn@gmail.com,developer
728,Kara-Lynn,Suzetta,Kara-Lynn.Suzetta@yopmail.com,Kara-Lynn.Suzetta@gmail.com,worker
729,Susette,Gwenore,Susette.Gwenore@yopmail.com,Susette.Gwenore@gmail.com,firefighter
730,Imojean,Burkle,Imojean.Burkle@yopmail.com,Imojean.Burkle@gmail.com,doctor
731,Clary,Colp,Clary.Colp@yopmail.com,Clary.Colp@gmail.com,developer
732,Gloria,Engdahl,Gloria.Engdahl@yopmail.com,Gloria.Engdahl@gmail.com,firefighter
733,Lelah,Sharl,Lelah.Sharl@yopmail.com,Lelah.Sharl@gmail.com,firefighter
734,Selma,Ezar,Selma.Ezar@yopmail.com,Selma.Ezar@gmail.com,developer
735,Robbi,Hortensia,Robbi.Hortensia@yopmail.com,Robbi.Hortensia@gmail.com,firefighter
736,Ana,Keily,Ana.Keily@yopmail.com,Ana.Keily@gmail.com,police officer
737,Kate,Hortensia,Kate.Hortensia@yopmail.com,Kate.Hortensia@gmail.com,police officer
738,Elbertina,Yuille,Elbertina.Yuille@yopmail.com,Elbertina.Yuille@gmail.com,developer
739,Edee,Rodmann,Edee.Rodmann@yopmail.com,Edee.Rodmann@gmail.com,doctor
740,Perry,Havens,Perry.Havens@yopmail.com,Perry.Havens@gmail.com,developer
741,Cathie,Brady,Cathie.Brady@yopmail.com,Cathie.Brady@gmail.com,doctor
742,Berget,Raul,Berget.Raul@yopmail.com,Berget.Raul@gmail.com,doctor
743,Kylynn,Bertold,Kylynn.Bertold@yopmail.com,Kylynn.Bertold@gmail.com,firefighter
744,Bobbi,Madelene,Bobbi.Madelene@yopmail.com,Bobbi.Madelene@gmail.com,doctor
745,Britte,Sadowski,Britte.Sadowski@yopmail.com,Britte.Sadowski@gmail.com,worker
746,Carol-Jean,Lutero,Carol-Jean.Lutero@yopmail.com,Carol-Jean.Lutero@gmail.com,firefighter
747,Elmira,Eliathas,Elmira.Eliathas@yopmail.com,Elmira.Eliathas@gmail.com,doctor
748,Korrie,Allina,Korrie.Allina@yopmail.com,Korrie.Allina@gmail.com,doctor
749,Madalyn,Bashemeth,Madalyn.Bashemeth@yopmail.com,Madalyn.Bashemeth@gmail.com,firefighter
750,Nessie,Carleen,Nessie.Carleen@yopmail.com,Nessie.Carleen@gmail.com,firefighter
751,Tilly,Trace,Tilly.Trace@yopmail.com,Tilly.Trace@gmail.com,police officer
752,Collen,Chabot,Collen.Chabot@yopmail.com,Collen.Chabot@gmail.com,worker
753,Cathyleen,Belldas,Cathyleen.Belldas@yopmail.com,Cathyleen.Belldas@gmail.com,firefighter
754,Deirdre,Dominy,Deirdre.Dominy@yopmail.com,Deirdre.Dominy@gmail.com,doctor
755,Flory,Gaynor,Flory.Gaynor@yopmail.com,Flory.Gaynor@gmail.com,worker
756,Correy,Jerold,Correy.Jerold@yopmail.com,Correy.Jerold@gmail.com,worker
757,Hyacinthe,Merriott,Hyacinthe.Merriott@yopmail.com,Hyacinthe.Merriott@gmail.com,firefighter
758,Marita,Nelsen,Marita.Nelsen@yopmail.com,Marita.Nelsen@gmail.com,police officer
759,Zondra,Claudine,Zondra.Claudine@yopmail.com,Zondra.Claudine@gmail.com,doctor
760,Eugine,Forrer,Eugine.Forrer@yopmail.com,Eugine.Forrer@gmail.com,police officer
761,Helsa,Mauer,Helsa.Mauer@yopmail.com,Helsa.Mauer@gmail.com,firefighter
762,Tersina,Bates,Tersina.Bates@yopmail.com,Tersina.Bates@gmail.com,worker
763,Merci,Rooney,Merci.Rooney@yopmail.com,Merci.Rooney@gmail.com,developer
764,Kerrin,Voletta,Kerrin.Voletta@yopmail.com,Kerrin.Voletta@gmail.com,developer
765,Myrtice,Dash,Myrtice.Dash@yopmail.com,Myrtice.Dash@gmail.com,developer
766,Winifred,Hourigan,Winifred.Hourigan@yopmail.com,Winifred.Hourigan@gmail.com,worker
767,Petronia,Yoko,Petronia.Yoko@yopmail.com,Petronia.Yoko@gmail.com,developer
768,Jordan,Atcliffe,Jordan.Atcliffe@yopmail.com,Jordan.Atcliffe@gmail.com,firefighter
769,Stevana,Caitlin,Stevana.Caitlin@yopmail.com,Stevana.Caitlin@gmail.com,worker
770,Celene,Larochelle,Celene.Larochelle@yopmail.com,Celene.Larochelle@gmail.com,doctor
771,Jennica,Ammann,Jennica.Ammann@yopmail.com,Jennica.Ammann@gmail.com,worker
772,Mariann,Ethban,Mariann.Ethban@yopmail.com,Mariann.Ethban@gmail.com,police officer
773,Sara-Ann,Hessler,Sara-Ann.Hessler@yopmail.com,Sara-Ann.Hessler@gmail.com,doctor
774,Kirstin,Payson,Kirstin.Payson@yopmail.com,Kirstin.Payson@gmail.com,worker
775,Mellicent,Gower,Mellicent.Gower@yopmail.com,Mellicent.Gower@gmail.com,firefighter
776,Elena,Marlie,Elena.Marlie@yopmail.com,Elena.Marlie@gmail.com,doctor
777,Cindelyn,Tacye,Cindelyn.Tacye@yopmail.com,Cindelyn.Tacye@gmail.com,police officer
778,Yetty,Pitt,Yetty.Pitt@yopmail.com,Yetty.Pitt@gmail.com,firefighter
779,Codie,Sallyann,Codie.Sallyann@yopmail.com,Codie.Sallyann@gmail.com,doctor
780,Mureil,Seumas,Mureil.Seumas@yopmail.com,Mureil.Seumas@gmail.com,worker
781,Jemie,Chinua,Jemie.Chinua@yopmail.com,Jemie.Chinua@gmail.com,police officer
782,Barbara,Elbertina,Barbara.Elbertina@yopmail.com,Barbara.Elbertina@gmail.com,worker
783,Vonny,Penelopa,Vonny.Penelopa@yopmail.com,Vonny.Penelopa@gmail.com,police officer
784,Dorthy,Christal,Dorthy.Christal@yopmail.com,Dorthy.Christal@gmail.com,firefighter
785,Isa,Fink,Isa.Fink@yopmail.com,Isa.Fink@gmail.com,developer
786,Bobbi,Boehike,Bobbi.Boehike@yopmail.com,Bobbi.Boehike@gmail.com,firefighter
787,June,Crudden,June.Crudden@yopmail.com,June.Crudden@gmail.com,doctor
788,Tierney,Thad,Tierney.Thad@yopmail.com,Tierney.Thad@gmail.com,developer
789,Perry,Dannye,Perry.Dannye@yopmail.com,Perry.Dannye@gmail.com,police officer
790,Celene,Fabiola,Celene.Fabiola@yopmail.com,Celene.Fabiola@gmail.com,firefighter
791,Drucie,Bach,Drucie.Bach@yopmail.com,Drucie.Bach@gmail.com,developer
792,Joy,Emanuel,Joy.Emanuel@yopmail.com,Joy.Emanuel@gmail.com,developer
793,Korrie,Gaulin,Korrie.Gaulin@yopmail.com,Korrie.Gaulin@gmail.com,worker
794,Andree,Urias,Andree.Urias@yopmail.com,Andree.Urias@gmail.com,developer
795,Carlie,Pascia,Carlie.Pascia@yopmail.com,Carlie.Pascia@gmail.com,developer
796,Mallory,Solitta,Mallory.Solitta@yopmail.com,Mallory.Solitta@gmail.com,firefighter
797,Jasmina,Kathie,Jasmina.Kathie@yopmail.com,Jasmina.Kathie@gmail.com,doctor
798,Sindee,Alrich,Sindee.Alrich@yopmail.com,Sindee.Alrich@gmail.com,police officer
799,Lusa,Armanda,Lusa.Armanda@yopmail.com,Lusa.Armanda@gmail.com,doctor
800,Rubie,Dreda,Rubie.Dreda@yopmail.com,Rubie.Dreda@gmail.com,doctor
801,Felice,Harl,Felice.Harl@yopmail.com,Felice.Harl@gmail.com,worker
802,Sherrie,Philipp,Sherrie.Philipp@yopmail.com,Sherrie.Philipp@gmail.com,doctor
803,Sissy,Natica,Sissy.Natica@yopmail.com,Sissy.Natica@gmail.com,worker
804,Ilse,Chobot,Ilse.Chobot@yopmail.com,Ilse.Chobot@gmail.com,firefighter
805,Melina,Peonir,Melina.Peonir@yopmail.com,Melina.Peonir@gmail.com,doctor
806,Abbie,Toni,Abbie.Toni@yopmail.com,Abbie.Toni@gmail.com,developer
807,Minda,Couture,Minda.Couture@yopmail.com,Minda.Couture@gmail.com,doctor
808,Emmey,Sherfield,Emmey.Sherfield@yopmail.com,Emmey.Sherfield@gmail.com,doctor
809,Yolane,Decato,Yolane.Decato@yopmail.com,Yolane.Decato@gmail.com,police officer
810,Fanchon,Bergman,Fanchon.Bergman@yopmail.com,Fanchon.Bergman@gmail.com,firefighter
811,Vanessa,Seumas,Vanessa.Seumas@yopmail.com,Vanessa.Seumas@gmail.com,doctor
812,Margalo,Hirsch,Margalo.Hirsch@yopmail.com,Margalo.Hirsch@gmail.com,worker
813,Lanna,Bouchard,Lanna.Bouchard@yopmail.com,Lanna.Bouchard@gmail.com,firefighter
814,Hettie,Teryn,Hettie.Teryn@yopmail.com,Hettie.Teryn@gmail.com,developer
815,Sheelagh,Fancie,Sheelagh.Fancie@yopmail.com,Sheelagh.Fancie@gmail.com,firefighter
816,Amelia,Haerr,Amelia.Haerr@yopmail.com,Amelia.Haerr@gmail.com,police officer
817,Karena,Chesna,Karena.Chesna@yopmail.com,Karena.Chesna@gmail.com,firefighter
818,Reeba,Lane,Reeba.Lane@yopmail.com,Reeba.Lane@gmail.com,police officer
819,Gusty,Publia,Gusty.Publia@yopmail.com,Gusty.Publia@gmail.com,developer
820,Esmeralda,Malina,Esmeralda.Malina@yopmail.com,Esmeralda.Malina@gmail.com,firefighter
821,Clo,Elisha,Clo.Elisha@yopmail.com,Clo.Elisha@gmail.com,police officer
822,Nannie,Natalia,Nannie.Natalia@yopmail.com,Nannie.Natalia@gmail.com,police officer
823,Gabriellia,Jarib,Gabriellia.Jarib@yopmail.com,Gabriellia.Jarib@gmail.com,worker
824,Constance,Longfellow,Constance.Longfellow@yopmail.com,Constance.Longfellow@gmail.com,worker
825,Deedee,Simmonds,Deedee.Simmonds@yopmail.com,Deedee.Simmonds@gmail.com,police officer
826,Dorothy,Yate,Dorothy.Yate@yopmail.com,Dorothy.Yate@gmail.com,firefighter
827,Dotty,Azeria,Dotty.Azeria@yopmail.com,Dotty.Azeria@gmail.com,worker
828,Margarette,Nelsen,Margarette.Nelsen@yopmail.com,Margarette.Nelsen@gmail.com,firefighter
829,Briney,Braun,Briney.Braun@yopmail.com,Briney.Braun@gmail.com,firefighter
830,Kellen,Halsey,Kellen.Halsey@yopmail.com,Kellen.Halsey@gmail.com,developer
831,Lulita,Joli,Lulita.Joli@yopmail.com,Lulita.Joli@gmail.com,worker
832,Lynea,Cimbura,Lynea.Cimbura@yopmail.com,Lynea.Cimbura@gmail.com,doctor
833,Bettine,Nunci,Bettine.Nunci@yopmail.com,Bettine.Nunci@gmail.com,worker
834,Doro,Gunn,Doro.Gunn@yopmail.com,Doro.Gunn@gmail.com,firefighter
835,Flo,Leifeste,Flo.Leifeste@yopmail.com,Flo.Leifeste@gmail.com,doctor
836,Jere,Pascia,Jere.Pascia@yopmail.com,Jere.Pascia@gmail.com,worker
837,Minne,Lumbard,Minne.Lumbard@yopmail.com,Minne.Lumbard@gmail.com,firefighter
838,Jaclyn,Marden,Jaclyn.Marden@yopmail.com,Jaclyn.Marden@gmail.com,developer
839,Raf,Vernier,Raf.Vernier@yopmail.com,Raf.Vernier@gmail.com,doctor
840,Kary,Maribeth,Kary.Maribeth@yopmail.com,Kary.Maribeth@gmail.com,doctor
841,Raina,Land,Raina.Land@yopmail.com,Raina.Land@gmail.com,police officer
842,Christy,Bertold,Christy.Bertold@yopmail.com,Christy.Bertold@gmail.com,worker
843,Linzy,Buffum,Linzy.Buffum@yopmail.com,Linzy.Buffum@gmail.com,firefighter
844,Linet,Dichy,Linet.Dichy@yopmail.com,Linet.Dichy@gmail.com,worker
845,Pamella,Shaver,Pamella.Shaver@yopmail.com,Pamella.Shaver@gmail.com,firefighter
846,Elora,Kiyoshi,Elora.Kiyoshi@yopmail.com,Elora.Kiyoshi@gmail.com,doctor
847,Dorothy,Gaynor,Dorothy.Gaynor@yopmail.com,Dorothy.Gaynor@gmail.com,firefighter
848,Kristina,Si,Kristina.Si@yopmail.com,Kristina.Si@gmail.com,worker
849,Bee,Nance,Bee.Nance@yopmail.com,Bee.Nance@gmail.com,developer
850,Berget,Chrystel,Berget.Chrystel@yopmail.com,Berget.Chrystel@gmail.com,police officer
851,Cristine,Ilka,Cristine.Ilka@yopmail.com,Cristine.Ilka@gmail.com,developer
852,Henriette,Riordan,Henriette.Riordan@yopmail.com,Henriette.Riordan@gmail.com,police officer
853,Dede,Chabot,Dede.Chabot@yopmail.com,Dede.Chabot@gmail.com,police officer
854,Calla,Allys,Calla.Allys@yopmail.com,Calla.Allys@gmail.com,doctor
855,Meghann,Jehu,Meghann.Jehu@yopmail.com,Meghann.Jehu@gmail.com,doctor
856,Alisha,Ricarda,Alisha.Ricarda@yopmail.com,Alisha.Ricarda@gmail.com,firefighter
857,Jean,Rona,Jean.Rona@yopmail.com,Jean.Rona@gmail.com,developer
858,Zsa Zsa,Ezar,Zsa Zsa.Ezar@yopmail.com,Zsa Zsa.Ezar@gmail.com,developer
859,Leia,Koziara,Leia.Koziara@yopmail.com,Leia.Koziara@gmail.com,police officer
860,Mathilda,Roxanna,Mathilda.Roxanna@yopmail.com,Mathilda.Roxanna@gmail.com,worker
861,Roberta,Secrest,Roberta.Secrest@yopmail.com,Roberta.Secrest@gmail.com,worker
862,Lila,O'Rourke,Lila.O'Rourke@yopmail.com,Lila.O'Rourke@gmail.com,worker
863,Clarice,Ax,Clarice.Ax@yopmail.com,Clarice.Ax@gmail.com,developer
864,Ardeen,Jaylene,Ardeen.Jaylene@yopmail.com,Ardeen.Jaylene@gmail.com,police officer
865,Blondelle,Schwejda,Blondelle.Schwejda@yopmail.com,Blondelle.Schwejda@gmail.com,worker
866,Hildegaard,Sekofski,Hildegaard.Sekofski@yopmail.com,Hildegaard.Sekofski@gmail.com,police officer
867,Mady,Frodi,Mady.Frodi@yopmail.com,Mady.Frodi@gmail.com,developer
868,Melanie,Ulphia,Melanie.Ulphia@yopmail.com,Melanie.Ulphia@gmail.com,worker
869,Cathyleen,Buffum,Cathyleen.Buffum@yopmail.com,Cathyleen.Buffum@gmail.com,worker
870,Inga,Talia,Inga.Talia@yopmail.com,Inga.Talia@gmail.com,police officer
871,Tiffie,Helfand,Tiffie.Helfand@yopmail.com,Tiffie.Helfand@gmail.com,worker
872,Edith,Bates,Edith.Bates@yopmail.com,Edith.Bates@gmail.com,developer
873,Calla,Sholley,Calla.Sholley@yopmail.com,Calla.Sholley@gmail.com,doctor
874,Cassondra,Lea,Cassondra.Lea@yopmail.com,Cassondra.Lea@gmail.com,firefighter
875,Bettine,Thomasina,Bettine.Thomasina@yopmail.com,Bettine.Thomasina@gmail.com,doctor
876,Tera,Georgy,Tera.Georgy@yopmail.com,Tera.Georgy@gmail.com,developer
877,Lesly,Jotham,Lesly.Jotham@yopmail.com,Lesly.Jotham@gmail.com,police officer
878,Cathyleen,Gahl,Cathyleen.Gahl@yopmail.com,Cathyleen.Gahl@gmail.com,doctor
879,Ann-Marie,O'Rourke,Ann-Marie.O'Rourke@yopmail.com,Ann-Marie.O'Rourke@gmail.com,doctor
880,Andree,Cullin,Andree.Cullin@yopmail.com,Andree.Cullin@gmail.com,doctor
881,Philis,Nelsen,Philis.Nelsen@yopmail.com,Philis.Nelsen@gmail.com,police officer
882,Kore,Bollay,Kore.Bollay@yopmail.com,Kore.Bollay@gmail.com,police officer
883,Leanna,Avi,Leanna.Avi@yopmail.com,Leanna.Avi@gmail.com,developer
884,Roberta,Holbrook,Roberta.Holbrook@yopmail.com,Roberta.Holbrook@gmail.com,police officer
885,Sallie,Barbey,Sallie.Barbey@yopmail.com,Sallie.Barbey@gmail.com,doctor
886,Isa,Loleta,Isa.Loleta@yopmail.com,Isa.Loleta@gmail.com,firefighter
887,Trudie,Papageno,Trudie.Papageno@yopmail.com,Trudie.Papageno@gmail.com,worker
888,Genevra,Letsou,Genevra.Letsou@yopmail.com,Genevra.Letsou@gmail.com,worker
889,Reeba,Egbert,Reeba.Egbert@yopmail.com,Reeba.Egbert@gmail.com,police officer
890,Kelly,Bury,Kelly.Bury@yopmail.com,Kelly.Bury@gmail.com,developer
891,Pearline,Eben,Pearline.Eben@yopmail.com,Pearline.Eben@gmail.com,police officer
892,Cordi,Kussell,Cordi.Kussell@yopmail.com,Cordi.Kussell@gmail.com,developer
893,Yetty,Tamsky,Yetty.Tamsky@yopmail.com,Yetty.Tamsky@gmail.com,police officer
894,Leontine,McAdams,Leontine.McAdams@yopmail.com,Leontine.McAdams@gmail.com,doctor
895,Clementine,Iaverne,Clementine.Iaverne@yopmail.com,Clementine.Iaverne@gmail.com,worker
896,Jinny,Dannye,Jinny.Dannye@yopmail.com,Jinny.Dannye@gmail.com,doctor
897,Madelle,Charity,Madelle.Charity@yopmail.com,Madelle.Charity@gmail.com,firefighter
898,Chere,Girardo,Chere.Girardo@yopmail.com,Chere.Girardo@gmail.com,developer
899,Micheline,Trey,Micheline.Trey@yopmail.com,Micheline.Trey@gmail.com,worker
900,Barbi,Rossner,Barbi.Rossner@yopmail.com,Barbi.Rossner@gmail.com,worker
901,Consuela,Nunci,Consuela.Nunci@yopmail.com,Consuela.Nunci@gmail.com,firefighter
902,Elmira,Hutchison,Elmira.Hutchison@yopmail.com,Elmira.Hutchison@gmail.com,developer
903,Roberta,Cleo,Roberta.Cleo@yopmail.com,Roberta.Cleo@gmail.com,police officer
904,Kimberley,Lanita,Kimberley.Lanita@yopmail.com,Kimberley.Lanita@gmail.com,firefighter
905,Consuela,Cherianne,Consuela.Cherianne@yopmail.com,Consuela.Cherianne@gmail.com,police officer
906,Elbertina,Gamaliel,Elbertina.Gamaliel@yopmail.com,Elbertina.Gamaliel@gmail.com,doctor
907,Carol-Jean,Lamoree,Carol-Jean.Lamoree@yopmail.com,Carol-Jean.Lamoree@gmail.com,firefighter
908,Marline,Edee,Marline.Edee@yopmail.com,Marline.Edee@gmail.com,developer
909,Andeee,Katrine,Andeee.Katrine@yopmail.com,Andeee.Katrine@gmail.com,police officer
910,Alexine,Margarete,Alexine.Margarete@yopmail.com,Alexine.Margarete@gmail.com,doctor
911,Belva,Mata,Belva.Mata@yopmail.com,Belva.Mata@gmail.com,worker
912,Minne,Etom,Minne.Etom@yopmail.com,Minne.Etom@gmail.com,doctor
913,Doro,Alice,Doro.Alice@yopmail.com,Doro.Alice@gmail.com,doctor
914,Meg,Virgin,Meg.Virgin@yopmail.com,Meg.Virgin@gmail.com,firefighter
915,Vivia,Lumbard,Vivia.Lumbard@yopmail.com,Vivia.Lumbard@gmail.com,police officer
916,Vanessa,Modie,Vanessa.Modie@yopmail.com,Vanessa.Modie@gmail.com,doctor
917,Eolanda,Posner,Eolanda.Posner@yopmail.com,Eolanda.Posner@gmail.com,firefighter
918,Rani,Sperling,Rani.Sperling@yopmail.com,Rani.Sperling@gmail.com,developer
919,Marcy,Hirsch,Marcy.Hirsch@yopmail.com,Marcy.Hirsch@gmail.com,worker
920,Shaylyn,Annice,Shaylyn.Annice@yopmail.com,Shaylyn.Annice@gmail.com,doctor
921,Sheree,Kiersten,Sheree.Kiersten@yopmail.com,Sheree.Kiersten@gmail.com,police officer
922,Jacquetta,Prober,Jacquetta.Prober@yopmail.com,Jacquetta.Prober@gmail.com,firefighter
923,Eolanda,Abram,Eolanda.Abram@yopmail.com,Eolanda.Abram@gmail.com,developer
924,Dianemarie,Ogren,Dianemarie.Ogren@yopmail.com,Dianemarie.Ogren@gmail.com,firefighter
925,Emmey,Gusella,Emmey.Gusella@yopmail.com,Emmey.Gusella@gmail.com,worker
926,Nyssa,Baylor,Nyssa.Baylor@yopmail.com,Nyssa.Baylor@gmail.com,firefighter
927,Marleah,Parette,Marleah.Parette@yopmail.com,Marleah.Parette@gmail.com,developer
928,Lanae,Kamaria,Lanae.Kamaria@yopmail.com,Lanae.Kamaria@gmail.com,police officer
929,Stacey,Dahlia,Stacey.Dahlia@yopmail.com,Stacey.Dahlia@gmail.com,worker
930,Juliane,Kannry,Juliane.Kannry@yopmail.com,Juliane.Kannry@gmail.com,doctor
931,Philis,Corabella,Philis.Corabella@yopmail.com,Philis.Corabella@gmail.com,worker
932,Rosanne,Seumas,Rosanne.Seumas@yopmail.com,Rosanne.Seumas@gmail.com,doctor
933,Deloria,Mich,Deloria.Mich@yopmail.com,Deloria.Mich@gmail.com,worker
934,Damaris,Minetta,Damaris.Minetta@yopmail.com,Damaris.Minetta@gmail.com,firefighter
935,Sandie,Trace,Sandie.Trace@yopmail.com,Sandie.Trace@gmail.com,developer
936,Lorie,Gilbertson,Lorie.Gilbertson@yopmail.com,Lorie.Gilbertson@gmail.com,police officer
937,Ermengarde,Chandler,Ermengarde.Chandler@yopmail.com,Ermengarde.Chandler@gmail.com,doctor
938,Hyacinthe,Hull,Hyacinthe.Hull@yopmail.com,Hyacinthe.Hull@gmail.com,developer
939,Aubrie,Cookie,Aubrie.Cookie@yopmail.com,Aubrie.Cookie@gmail.com,developer
940,Lulita,Leopold,Lulita.Leopold@yopmail.com,Lulita.Leopold@gmail.com,developer
941,Elsie,Faso,Elsie.Faso@yopmail.com,Elsie.Faso@gmail.com,doctor
942,Cyndie,Rona,Cyndie.Rona@yopmail.com,Cyndie.Rona@gmail.com,worker
943,Estell,Ingra,Estell.Ingra@yopmail.com,Estell.Ingra@gmail.com,developer
944,Kate,Gherardo,Kate.Gherardo@yopmail.com,Kate.Gherardo@gmail.com,police officer
945,Dorice,Masao,Dorice.Masao@yopmail.com,Dorice.Masao@gmail.com,worker
946,Coral,Cherianne,Coral.Cherianne@yopmail.com,Coral.Cherianne@gmail.com,police officer
947,Katharina,Lutero,Katharina.Lutero@yopmail.com,Katharina.Lutero@gmail.com,worker
948,Sharai,Martguerita,Sharai.Martguerita@yopmail.com,Sharai.Martguerita@gmail.com,doctor
949,Margalo,Glenden,Margalo.Glenden@yopmail.com,Margalo.Glenden@gmail.com,doctor
950,Jasmina,Granoff,Jasmina.Granoff@yopmail.com,Jasmina.Granoff@gmail.com,doctor
951,Penelopa,Payson,Penelopa.Payson@yopmail.com,Penelopa.Payson@gmail.com,worker
952,Sashenka,Anton,Sashenka.Anton@yopmail.com,Sashenka.Anton@gmail.com,worker
953,Annecorinne,Dimitris,Annecorinne.Dimitris@yopmail.com,Annecorinne.Dimitris@gmail.com,police officer
954,Netty,Sparhawk,Netty.Sparhawk@yopmail.com,Netty.Sparhawk@gmail.com,developer
955,Antonietta,Bari,Antonietta.Bari@yopmail.com,Antonietta.Bari@gmail.com,firefighter
956,Drucie,Quinn,Drucie.Quinn@yopmail.com,Drucie.Quinn@gmail.com,police officer
957,Sashenka,Kiyoshi,Sashenka.Kiyoshi@yopmail.com,Sashenka.Kiyoshi@gmail.com,developer
958,Monika,Stelle,Monika.Stelle@yopmail.com,Monika.Stelle@gmail.com,doctor
959,Chloris,Amadas,Chloris.Amadas@yopmail.com,Chloris.Amadas@gmail.com,worker
960,Lindie,Zola,Lindie.Zola@yopmail.com,Lindie.Zola@gmail.com,police officer
961,Elora,Linehan,Elora.Linehan@yopmail.com,Elora.Linehan@gmail.com,developer
962,Tonia,Olnee,Tonia.Olnee@yopmail.com,Tonia.Olnee@gmail.com,doctor
963,Coral,Fennessy,Coral.Fennessy@yopmail.com,Coral.Fennessy@gmail.com,police officer
964,Talya,Fitzsimmons,Talya.Fitzsimmons@yopmail.com,Talya.Fitzsimmons@gmail.com,doctor
965,Jennica,Janene,Jennica.Janene@yopmail.com,Jennica.Janene@gmail.com,doctor
966,Jenilee,Garek,Jenilee.Garek@yopmail.com,Jenilee.Garek@gmail.com,worker
967,Aubrie,Pillsbury,Aubrie.Pillsbury@yopmail.com,Aubrie.Pillsbury@gmail.com,police officer
968,Kenna,Fink,Kenna.Fink@yopmail.com,Kenna.Fink@gmail.com,developer
969,Maryellen,Armanda,Maryellen.Armanda@yopmail.com,Maryellen.Armanda@gmail.com,police officer
970,Shauna,Koehler,Shauna.Koehler@yopmail.com,Shauna.Koehler@gmail.com,doctor
971,Kittie,Burch,Kittie.Burch@yopmail.com,Kittie.Burch@gmail.com,police officer
972,Madelle,Rurik,Madelle.Rurik@yopmail.com,Madelle.Rurik@gmail.com,worker
973,Nicoli,Roscoe,Nicoli.Roscoe@yopmail.com,Nicoli.Roscoe@gmail.com,worker
974,Wynne,Ehrman,Wynne.Ehrman@yopmail.com,Wynne.Ehrman@gmail.com,police officer
975,Correy,Scammon,Correy.Scammon@yopmail.com,Correy.Scammon@gmail.com,police officer
976,Hollie,Newell,Hollie.Newell@yopmail.com,Hollie.Newell@gmail.com,police officer
977,Marinna,Pillsbury,Marinna.Pillsbury@yopmail.com,Marinna.Pillsbury@gmail.com,firefighter
978,Harmonia,Seligman,Harmonia.Seligman@yopmail.com,Harmonia.Seligman@gmail.com,firefighter
979,Vinita,Blase,Vinita.Blase@yopmail.com,Vinita.Blase@gmail.com,worker
980,Albertina,Shaver,Albertina.Shaver@yopmail.com,Albertina.Shaver@gmail.com,developer
981,Belva,Gibbeon,Belva.Gibbeon@yopmail.com,Belva.Gibbeon@gmail.com,worker
982,Celisse,Vanni,Celisse.Vanni@yopmail.com,Celisse.Vanni@gmail.com,police officer
983,Roberta,Ortrude,Roberta.Ortrude@yopmail.com,Roberta.Ortrude@gmail.com,police officer
984,Emylee,Sigfrid,Emylee.Sigfrid@yopmail.com,Emylee.Sigfrid@gmail.com,firefighter
985,Ellette,Jehu,Ellette.Jehu@yopmail.com,Ellette.Jehu@gmail.com,firefighter
986,Leanna,Ruvolo,Leanna.Ruvolo@yopmail.com,Leanna.Ruvolo@gmail.com,worker
987,Belinda,Lilas,Belinda.Lilas@yopmail.com,Belinda.Lilas@gmail.com,doctor
988,Audrie,Hunfredo,Audrie.Hunfredo@yopmail.com,Audrie.Hunfredo@gmail.com,doctor
989,Suzette,Percy,Suzette.Percy@yopmail.com,Suzette.Percy@gmail.com,doctor
990,Agnese,Fulmer,Agnese.Fulmer@yopmail.com,Agnese.Fulmer@gmail.com,doctor
991,Ardenia,Standing,Ardenia.Standing@yopmail.com,Ardenia.Standing@gmail.com,firefighter
992,Andeee,Heidt,Andeee.Heidt@yopmail.com,Andeee.Heidt@gmail.com,doctor
993,Farrah,Genna,Farrah.Genna@yopmail.com,Farrah.Genna@gmail.com,doctor
994,Ana,Malanie,Ana.Malanie@yopmail.com,Ana.Malanie@gmail.com,firefighter
995,Fanchon,Ursulette,Fanchon.Ursulette@yopmail.com,Fanchon.Ursulette@gmail.com,worker
996,Ada,Sallyann,Ada.Sallyann@yopmail.com,Ada.Sallyann@gmail.com,doctor
997,Misha,Olin,Misha.Olin@yopmail.com,Misha.Olin@gmail.com,firefighter
998,Joceline,Lail,Joceline.Lail@yopmail.com,Joceline.Lail@gmail.com,firefighter
999,Merry,Millda,Merry.Millda@yopmail.com,Merry.Millda@gmail.com,doctor
1000,Beverley,Bonilla,Beverley.Bonilla@yopmail.com,Beverley.Bonilla@gmail.com,firefighter
1001,Glenda,Haymes,Glenda.Haymes@yopmail.com,Glenda.Haymes@gmail.com,developer
1002,Dode,Cornelia,Dode.Cornelia@yopmail.com,Dode.Cornelia@gmail.com,developer
1003,Glynnis,Kiersten,Glynnis.Kiersten@yopmail.com,Glynnis.Kiersten@gmail.com,doctor
1004,Laure,Norrie,Laure.Norrie@yopmail.com,Laure.Norrie@gmail.com,police officer
1005,Dari,Warthman,Dari.Warthman@yopmail.com,Dari.Warthman@gmail.com,firefighter
1006,Cassondra,Fredi,Cassondra.Fredi@yopmail.com,Cassondra.Fredi@gmail.com,worker
1007,Judy,Havens,Judy.Havens@yopmail.com,Judy.Havens@gmail.com,doctor
1008,Pierette,Lilybelle,Pierette.Lilybelle@yopmail.com,Pierette.Lilybelle@gmail.com,developer
1009,Georgetta,Natalia,Georgetta.Natalia@yopmail.com,Georgetta.Natalia@gmail.com,firefighter
1010,Kassey,Stefa,Kassey.Stefa@yopmail.com,Kassey.Stefa@gmail.com,police officer
1011,Laurene,Munn,Laurene.Munn@yopmail.com,Laurene.Munn@gmail.com,worker
1012,Jillayne,Brieta,Jillayne.Brieta@yopmail.com,Jillayne.Brieta@gmail.com,firefighter
1013,Stevana,Nisbet,Stevana.Nisbet@yopmail.com,Stevana.Nisbet@gmail.com,worker
1014,Gerianna,Cynar,Gerianna.Cynar@yopmail.com,Gerianna.Cynar@gmail.com,firefighter
1015,Fidelia,Morrill,Fidelia.Morrill@yopmail.com,Fidelia.Morrill@gmail.com,developer
1016,Wynne,Leopold,Wynne.Leopold@yopmail.com,Wynne.Leopold@gmail.com,developer
1017,Annora,Chrystel,Annora.Chrystel@yopmail.com,Annora.Chrystel@gmail.com,worker
1018,Harrietta,Codding,Harrietta.Codding@yopmail.com,Harrietta.Codding@gmail.com,firefighter
1019,Mureil,Gusella,Mureil.Gusella@yopmail.com,Mureil.Gusella@gmail.com,police officer
1020,Stevana,Maribeth,Stevana.Maribeth@yopmail.com,Stevana.Maribeth@gmail.com,doctor
1021,Libbie,Kiersten,Libbie.Kiersten@yopmail.com,Libbie.Kiersten@gmail.com,doctor
1022,Kristan,Mathilde,Kristan.Mathilde@yopmail.com,Kristan.Mathilde@gmail.com,police officer
1023,Bertine,Urias,Bertine.Urias@yopmail.com,Bertine.Urias@gmail.com,firefighter
1024,Jackie,Jethro,Jackie.Jethro@yopmail.com,Jackie.Jethro@gmail.com,developer
1025,Drucie,Damarra,Drucie.Damarra@yopmail.com,Drucie.Damarra@gmail.com,police officer
1026,Barbi,Clarissa,Barbi.Clarissa@yopmail.com,Barbi.Clarissa@gmail.com,doctor
1027,Nerta,Honoria,Nerta.Honoria@yopmail.com,Nerta.Honoria@gmail.com,police officer
1028,Xylina,Riordan,Xylina.Riordan@yopmail.com,Xylina.Riordan@gmail.com,firefighter
1029,Brianna,Dominy,Brianna.Dominy@yopmail.com,Brianna.Dominy@gmail.com,firefighter
1030,Darci,Liebermann,Darci.Liebermann@yopmail.com,Darci.Liebermann@gmail.com,firefighter
1031,Collen,Pettiford,Collen.Pettiford@yopmail.com,Collen.Pettiford@gmail.com,police officer
1032,Alejandra,Harday,Alejandra.Harday@yopmail.com,Alejandra.Harday@gmail.com,firefighter
1033,Fanchon,Hieronymus,Fanchon.Hieronymus@yopmail.com,Fanchon.Hieronymus@gmail.com,worker
1034,Diena,Brian,Diena.Brian@yopmail.com,Diena.Brian@gmail.com,police officer
1035,Catrina,Goode,Catrina.Goode@yopmail.com,Catrina.Goode@gmail.com,developer
1036,Veda,Keelia,Veda.Keelia@yopmail.com,Veda.Keelia@gmail.com,police officer
1037,Monika,Harl,Monika.Harl@yopmail.com,Monika.Harl@gmail.com,doctor
1038,Jinny,Thornburg,Jinny.Thornburg@yopmail.com,Jinny.Thornburg@gmail.com,developer
1039,Jordan,Hamil,Jordan.Hamil@yopmail.com,Jordan.Hamil@gmail.com,firefighter
1040,Viki,Jacqui,Viki.Jacqui@yopmail.com,Viki.Jacqui@gmail.com,firefighter
1041,Valeda,Newell,Valeda.Newell@yopmail.com,Valeda.Newell@gmail.com,worker
1042,Vonny,Sigfrid,Vonny.Sigfrid@yopmail.com,Vonny.Sigfrid@gmail.com,doctor
1043,Teddie,Deegan,Teddie.Deegan@yopmail.com,Teddie.Deegan@gmail.com,police officer
1044,Fawne,Autrey,Fawne.Autrey@yopmail.com,Fawne.Autrey@gmail.com,worker
1045,Monika,Taima,Monika.Taima@yopmail.com,Monika.Taima@gmail.com,developer
1046,Sharlene,Nore,Sharlene.Nore@yopmail.com,Sharlene.Nore@gmail.com,developer
1047,Lusa,Colbert,Lusa.Colbert@yopmail.com,Lusa.Colbert@gmail.com,developer
1048,Tiffie,Longfellow,Tiffie.Longfellow@yopmail.com,Tiffie.Longfellow@gmail.com,developer
1049,Rosene,Judye,Rosene.Judye@yopmail.com,Rosene.Judye@gmail.com,worker
1050,Ekaterina,Leonard,Ekaterina.Leonard@yopmail.com,Ekaterina.Leonard@gmail.com,firefighter
1051,Kittie,Persse,Kittie.Persse@yopmail.com,Kittie.Persse@gmail.com,doctor
1052,Carly,Robertson,Carly.Robertson@yopmail.com,Carly.Robertson@gmail.com,police officer
1053,Cathyleen,Garbe,Cathyleen.Garbe@yopmail.com,Cathyleen.Garbe@gmail.com,police officer
1054,Andeee,Burnside,Andeee.Burnside@yopmail.com,Andeee.Burnside@gmail.com,worker
1055,Anallese,Sherfield,Anallese.Sherfield@yopmail.com,Anallese.Sherfield@gmail.com,doctor
1056,Claudina,Hanshaw,Claudina.Hanshaw@yopmail.com,Claudina.Hanshaw@gmail.com,doctor
1057,Kenna,Baylor,Kenna.Baylor@yopmail.com,Kenna.Baylor@gmail.com,doctor
1058,Fidelia,Hermes,Fidelia.Hermes@yopmail.com,Fidelia.Hermes@gmail.com,doctor
1059,Rubie,Margarete,Rubie.Margarete@yopmail.com,Rubie.Margarete@gmail.com,police officer
1060,Ermengarde,Kendrick,Ermengarde.Kendrick@yopmail.com,Ermengarde.Kendrick@gmail.com,police officer
1061,Clarice,Percy,Clarice.Percy@yopmail.com,Clarice.Percy@gmail.com,doctor
1062,Margalo,Kosey,Margalo.Kosey@yopmail.com,Margalo.Kosey@gmail.com,firefighter
1063,Kristina,Hieronymus,Kristina.Hieronymus@yopmail.com,Kristina.Hieronymus@gmail.com,doctor
1064,Mellicent,Delp,Mellicent.Delp@yopmail.com,Mellicent.Delp@gmail.com,worker
1065,Krystle,Parsaye,Krystle.Parsaye@yopmail.com,Krystle.Parsaye@gmail.com,police officer
1066,Romona,Leffen,Romona.Leffen@yopmail.com,Romona.Leffen@gmail.com,worker
1067,Chloris,Waldron,Chloris.Waldron@yopmail.com,Chloris.Waldron@gmail.com,doctor
1068,Alameda,Audly,Alameda.Audly@yopmail.com,Alameda.Audly@gmail.com,firefighter
1069,Netty,Cookie,Netty.Cookie@yopmail.com,Netty.Cookie@gmail.com,doctor
1070,Ninnetta,Nance,Ninnetta.Nance@yopmail.com,Ninnetta.Nance@gmail.com,developer
1071,Arabel,Hazlett,Arabel.Hazlett@yopmail.com,Arabel.Hazlett@gmail.com,worker
1072,Janenna,Janith,Janenna.Janith@yopmail.com,Janenna.Janith@gmail.com,developer
1073,Sashenka,Rese,Sashenka.Rese@yopmail.com,Sashenka.Rese@gmail.com,firefighter
1074,Corene,Wittie,Corene.Wittie@yopmail.com,Corene.Wittie@gmail.com,worker
1075,Lisette,Maroney,Lisette.Maroney@yopmail.com,Lisette.Maroney@gmail.com,developer
1076,Shannah,Annabella,Shannah.Annabella@yopmail.com,Shannah.Annabella@gmail.com,developer
1077,Ileana,Smitt,Ileana.Smitt@yopmail.com,Ileana.Smitt@gmail.com,worker
1078,Shirlee,Fitzsimmons,Shirlee.Fitzsimmons@yopmail.com,Shirlee.Fitzsimmons@gmail.com,worker
1079,Ayn,Bendick,Ayn.Bendick@yopmail.com,Ayn.Bendick@gmail.com,firefighter
1080,Zia,Means,Zia.Means@yopmail.com,Zia.Means@gmail.com,police officer
1081,Blinni,Greyson,Blinni.Greyson@yopmail.com,Blinni.Greyson@gmail.com,developer
1082,Vanessa,Ciro,Vanessa.Ciro@yopmail.com,Vanessa.Ciro@gmail.com,worker
1083,Kylynn,Dash,Kylynn.Dash@yopmail.com,Kylynn.Dash@gmail.com,worker
1084,Marguerite,Trinetta,Marguerite.Trinetta@yopmail.com,Marguerite.Trinetta@gmail.com,doctor
1085,Gianina,Leffen,Gianina.Leffen@yopmail.com,Gianina.Leffen@gmail.com,firefighter
1086,Andree,Michella,Andree.Michella@yopmail.com,Andree.Michella@gmail.com,firefighter
1087,Roslyn,Shanley,Roslyn.Shanley@yopmail.com,Roslyn.Shanley@gmail.com,police officer
1088,Tera,Artie,Tera.Artie@yopmail.com,Tera.Artie@gmail.com,developer
1089,Kial,Shaddock,Kial.Shaddock@yopmail.com,Kial.Shaddock@gmail.com,firefighter
1090,Daryl,Tjon,Daryl.Tjon@yopmail.com,Daryl.Tjon@gmail.com,firefighter
1091,Paule,Belanger,Paule.Belanger@yopmail.com,Paule.Belanger@gmail.com,developer
1092,Paola,Mozelle,Paola.Mozelle@yopmail.com,Paola.Mozelle@gmail.com,worker
1093,Nyssa,Nisbet,Nyssa.Nisbet@yopmail.com,Nyssa.Nisbet@gmail.com,doctor
1094,Meg,Bury,Meg.Bury@yopmail.com,Meg.Bury@gmail.com,police officer
1095,Cissiee,Sasnett,Cissiee.Sasnett@yopmail.com,Cissiee.Sasnett@gmail.com,worker
1096,Kara-Lynn,Karylin,Kara-Lynn.Karylin@yopmail.com,Kara-Lynn.Karylin@gmail.com,police officer
1097,Leontine,Roarke,Leontine.Roarke@yopmail.com,Leontine.Roarke@gmail.com,doctor
1098,Karina,Kress,Karina.Kress@yopmail.com,Karina.Kress@gmail.com,developer
1099,Pierette,Emmy,Pierette.Emmy@yopmail.com,Pierette.Emmy@gmail.com,firefighter